Age,Year,Life_Expectancy
1,1971,70.1
1,1972,70.8
1,1973,70.7
1,1974,70.7
1,1975,70.8
1,1976,71.0
1,1977,71.9
1,1978,71.8
1,1979,72.7
1,1980,72.7
1,1981,72.6
1,1982,72.5
1,1983,73.3
1,1984,73.2
1,1985,73.5
1,1986,74.3
1,1987,74.0
1,1988,74.7
1,1989,74.6
1,1990,75.2
1,1991,75.4
1,1992,75.0
1,1993,75.4
1,1994,76.1
1,1995,76.2
1,1996,76.2
1,1997,76.5
1,1998,76.7
1,1999,77.4
1,2000,77.4
1,2001,77.5
1,2002,77.5
1,2003,77.2
1,2004,78.6
1,2005,78.8
1,2006,78.6
1,2007,78.7
1,2008,79.8
1,2009,80.0
1,2010,80.1
1,2011,80.4
1,2012,80.7
1,2013,81.2
1,2014,81.5
1,2015,81.6
1,2016,82.0
1,2017,81.4
1,2018,81.7
1,2019,82.1
1,2020,81.5
1,2021,81.9
1,2022,82.3
1,2023,82.7
2,1971,69.3
2,1972,69.9
2,1973,69.8
2,1974,69.9
2,1975,69.8
2,1976,70.0
2,1977,71.0
2,1978,70.9
2,1979,71.7
2,1980,71.7
2,1981,71.7
2,1982,71.6
2,1983,72.3
2,1984,72.3
2,1985,72.6
2,1986,73.3
2,1987,73.1
2,1988,73.7
2,1989,73.6
2,1990,74.3
2,1991,74.4
2,1992,74.0
2,1993,74.5
2,1994,75.1
2,1995,75.2
2,1996,75.2
2,1997,75.5
2,1998,75.8
2,1999,76.4
2,2000,76.5
2,2001,76.5
2,2002,76.6
2,2003,76.3
2,2004,77.6
2,2005,77.8
2,2006,77.7
2,2007,77.7
2,2008,78.8
2,2009,79.1
2,2010,79.1
2,2011,79.5
2,2012,79.7
2,2013,80.2
2,2014,80.5
2,2015,80.6
2,2016,81.0
2,2017,80.4
2,2018,80.7
2,2019,81.1
2,2020,80.5
2,2021,81.0
2,2022,81.3
2,2023,81.7
3,1971,68.3
3,1972,68.9
3,1973,68.9
3,1974,69.0
3,1975,68.9
3,1976,69.1
3,1977,70.0
3,1978,69.9
3,1979,70.8
3,1980,70.8
3,1981,70.7
3,1982,70.7
3,1983,71.4
3,1984,71.3
3,1985,71.6
3,1986,72.3
3,1987,72.1
3,1988,72.8
3,1989,72.7
3,1990,73.3
3,1991,73.5
3,1992,73.1
3,1993,73.5
3,1994,74.1
3,1995,74.3
3,1996,74.2
3,1997,74.5
3,1998,74.8
3,1999,75.4
3,2000,75.5
3,2001,75.5
3,2002,75.6
3,2003,75.3
3,2004,76.6
3,2005,76.8
3,2006,76.7
3,2007,76.7
3,2008,77.9
3,2009,78.1
3,2010,78.1
3,2011,78.5
3,2012,78.7
3,2013,79.2
3,2014,79.6
3,2015,79.6
3,2016,80.1
3,2017,79.4
3,2018,79.7
3,2019,80.1
3,2020,79.5
3,2021,80.0
3,2022,80.3
3,2023,80.7
4,1971,67.4
4,1972,68.0
4,1973,68.0
4,1974,68.1
4,1975,67.9
4,1976,68.1
4,1977,69.1
4,1978,69.0
4,1979,69.8
4,1980,69.8
4,1981,69.8
4,1982,69.7
4,1983,70.4
4,1984,70.4
4,1985,70.7
4,1986,71.3
4,1987,71.1
4,1988,71.8
4,1989,71.7
4,1990,72.3
4,1991,72.5
4,1992,72.1
4,1993,72.5
4,1994,73.2
4,1995,73.3
4,1996,73.3
4,1997,73.5
4,1998,73.8
4,1999,74.4
4,2000,74.5
4,2001,74.6
4,2002,74.6
4,2003,74.3
4,2004,75.6
4,2005,75.8
4,2006,75.7
4,2007,75.7
4,2008,76.9
4,2009,77.1
4,2010,77.1
4,2011,77.5
4,2012,77.7
4,2013,78.2
4,2014,78.6
4,2015,78.6
4,2016,79.1
4,2017,78.4
4,2018,78.7
4,2019,79.1
4,2020,78.5
4,2021,79.0
4,2022,79.3
4,2023,79.8
5,1971,66.4
5,1972,67.0
5,1973,67.1
5,1974,67.1
5,1975,66.9
5,1976,67.1
5,1977,68.2
5,1978,68.0
5,1979,68.9
5,1980,68.8
5,1981,68.8
5,1982,68.7
5,1983,69.4
5,1984,69.4
5,1985,69.7
5,1986,70.3
5,1987,70.1
5,1988,70.8
5,1989,70.7
5,1990,71.4
5,1991,71.5
5,1992,71.1
5,1993,71.5
5,1994,72.2
5,1995,72.4
5,1996,72.3
5,1997,72.5
5,1998,72.8
5,1999,73.4
5,2000,73.5
5,2001,73.6
5,2002,73.6
5,2003,73.3
5,2004,74.6
5,2005,74.8
5,2006,74.7
5,2007,74.8
5,2008,75.9
5,2009,76.1
5,2010,76.1
5,2011,76.5
5,2012,76.7
5,2013,77.2
5,2014,77.6
5,2015,77.6
5,2016,78.1
5,2017,77.5
5,2018,77.7
5,2019,78.1
5,2020,77.5
5,2021,78.0
5,2022,78.3
5,2023,78.8
6,1971,65.5
6,1972,66.0
6,1973,66.1
6,1974,66.1
6,1975,66.0
6,1976,66.1
6,1977,67.2
6,1978,67.1
6,1979,67.9
6,1980,67.9
6,1981,67.9
6,1982,67.8
6,1983,68.4
6,1984,68.4
6,1985,68.7
6,1986,69.4
6,1987,69.1
6,1988,69.8
6,1989,69.7
6,1990,70.4
6,1991,70.6
6,1992,70.2
6,1993,70.6
6,1994,71.2
6,1995,71.4
6,1996,71.3
6,1997,71.6
6,1998,71.8
6,1999,72.4
6,2000,72.5
6,2001,72.6
6,2002,72.6
6,2003,72.3
6,2004,73.6
6,2005,73.8
6,2006,73.7
6,2007,73.8
6,2008,75.0
6,2009,75.1
6,2010,75.1
6,2011,75.5
6,2012,75.7
6,2013,76.2
6,2014,76.6
6,2015,76.7
6,2016,77.1
6,2017,76.5
6,2018,76.8
6,2019,77.1
6,2020,76.5
6,2021,77.0
6,2022,77.3
6,2023,77.8
7,1971,64.5
7,1972,65.0
7,1973,65.1
7,1974,65.2
7,1975,65.0
7,1976,65.2
7,1977,66.2
7,1978,66.1
7,1979,67.0
7,1980,66.9
7,1981,66.9
7,1982,66.8
7,1983,67.4
7,1984,67.5
7,1985,67.8
7,1986,68.4
7,1987,68.2
7,1988,68.8
7,1989,68.8
7,1990,69.4
7,1991,69.6
7,1992,69.2
7,1993,69.6
7,1994,70.2
7,1995,70.4
7,1996,70.4
7,1997,70.6
7,1998,70.9
7,1999,71.4
7,2000,71.5
7,2001,71.6
7,2002,71.6
7,2003,71.3
7,2004,72.6
7,2005,72.8
7,2006,72.7
7,2007,72.8
7,2008,74.0
7,2009,74.1
7,2010,74.1
7,2011,74.5
7,2012,74.7
7,2013,75.2
7,2014,75.6
7,2015,75.7
7,2016,76.1
7,2017,75.5
7,2018,75.8
7,2019,76.1
7,2020,75.5
7,2021,76.0
7,2022,76.3
7,2023,76.8
8,1971,63.6
8,1972,64.1
8,1973,64.1
8,1974,64.2
8,1975,64.0
8,1976,64.2
8,1977,65.3
8,1978,65.1
8,1979,66.0
8,1980,65.9
8,1981,66.0
8,1982,65.8
8,1983,66.5
8,1984,66.5
8,1985,66.8
8,1986,67.4
8,1987,67.2
8,1988,67.8
8,1989,67.8
8,1990,68.5
8,1991,68.6
8,1992,68.2
8,1993,68.6
8,1994,69.2
8,1995,69.4
8,1996,69.4
8,1997,69.6
8,1998,69.9
8,1999,70.5
8,2000,70.5
8,2001,70.6
8,2002,70.7
8,2003,70.3
8,2004,71.6
8,2005,71.8
8,2006,71.7
8,2007,71.8
8,2008,73.0
8,2009,73.1
8,2010,73.1
8,2011,73.5
8,2012,73.7
8,2013,74.2
8,2014,74.6
8,2015,74.7
8,2016,75.1
8,2017,74.5
8,2018,74.8
8,2019,75.1
8,2020,74.5
8,2021,75.0
8,2022,75.4
8,2023,75.8
9,1971,62.7
9,1972,63.1
9,1973,63.2
9,1974,63.2
9,1975,63.1
9,1976,63.2
9,1977,64.3
9,1978,64.1
9,1979,65.0
9,1980,64.9
9,1981,65.0
9,1982,64.9
9,1983,65.5
9,1984,65.5
9,1985,65.8
9,1986,66.4
9,1987,66.2
9,1988,66.8
9,1989,66.8
9,1990,67.5
9,1991,67.6
9,1992,67.2
9,1993,67.6
9,1994,68.2
9,1995,68.4
9,1996,68.4
9,1997,68.6
9,1998,68.9
9,1999,69.5
9,2000,69.5
9,2001,69.6
9,2002,69.7
9,2003,69.3
9,2004,70.6
9,2005,70.9
9,2006,70.7
9,2007,70.8
9,2008,72.0
9,2009,72.1
9,2010,72.1
9,2011,72.5
9,2012,72.7
9,2013,73.3
9,2014,73.6
9,2015,73.7
9,2016,74.1
9,2017,73.5
9,2018,73.8
9,2019,74.1
9,2020,73.6
9,2021,74.0
9,2022,74.4
9,2023,74.8
10,1971,61.7
10,1972,62.1
10,1973,62.2
10,1974,62.2
10,1975,62.1
10,1976,62.2
10,1977,63.3
10,1978,63.1
10,1979,64.0
10,1980,64.0
10,1981,64.0
10,1982,63.9
10,1983,64.5
10,1984,64.5
10,1985,64.8
10,1986,65.4
10,1987,65.2
10,1988,65.8
10,1989,65.8
10,1990,66.5
10,1991,66.7
10,1992,66.2
10,1993,66.6
10,1994,67.2
10,1995,67.4
10,1996,67.4
10,1997,67.6
10,1998,67.9
10,1999,68.5
10,2000,68.6
10,2001,68.6
10,2002,68.7
10,2003,68.3
10,2004,69.6
10,2005,69.9
10,2006,69.7
10,2007,69.8
10,2008,71.0
10,2009,71.2
10,2010,71.1
10,2011,71.5
10,2012,71.7
10,2013,72.3
10,2014,72.6
10,2015,72.7
10,2016,73.1
10,2017,72.5
10,2018,72.8
10,2019,73.1
10,2020,72.6
10,2021,73.0
10,2022,73.4
10,2023,73.8
11,1971,60.7
11,1972,61.1
11,1973,61.2
11,1974,61.2
11,1975,61.1
11,1976,61.2
11,1977,62.3
11,1978,62.2
11,1979,63.0
11,1980,63.0
11,1981,63.0
11,1982,62.9
11,1983,63.6
11,1984,63.5
11,1985,63.8
11,1986,64.4
11,1987,64.2
11,1988,64.9
11,1989,64.8
11,1990,65.5
11,1991,65.7
11,1992,65.2
11,1993,65.7
11,1994,66.2
11,1995,66.4
11,1996,66.4
11,1997,66.6
11,1998,66.9
11,1999,67.5
11,2000,67.6
11,2001,67.7
11,2002,67.7
11,2003,67.3
11,2004,68.6
11,2005,68.9
11,2006,68.7
11,2007,68.8
11,2008,70.0
11,2009,70.2
11,2010,70.1
11,2011,70.5
11,2012,70.7
11,2013,71.3
11,2014,71.6
11,2015,71.7
11,2016,72.1
11,2017,71.5
11,2018,71.8
11,2019,72.1
11,2020,71.6
11,2021,72.0
11,2022,72.4
11,2023,72.8
12,1971,59.7
12,1972,60.1
12,1973,60.3
12,1974,60.2
12,1975,60.1
12,1976,60.3
12,1977,61.3
12,1978,61.2
12,1979,62.0
12,1980,62.0
12,1981,62.0
12,1982,61.9
12,1983,62.6
12,1984,62.5
12,1985,62.8
12,1986,63.4
12,1987,63.2
12,1988,63.9
12,1989,63.8
12,1990,64.5
12,1991,64.7
12,1992,64.2
12,1993,64.7
12,1994,65.3
12,1995,65.4
12,1996,65.4
12,1997,65.6
12,1998,65.9
12,1999,66.5
12,2000,66.6
12,2001,66.7
12,2002,66.7
12,2003,66.4
12,2004,67.6
12,2005,67.9
12,2006,67.7
12,2007,67.8
12,2008,69.0
12,2009,69.2
12,2010,69.1
12,2011,69.5
12,2012,69.7
12,2013,70.3
12,2014,70.6
12,2015,70.7
12,2016,71.1
12,2017,70.5
12,2018,70.8
12,2019,71.1
12,2020,70.6
12,2021,71.0
12,2022,71.4
12,2023,71.8
13,1971,58.7
13,1972,59.2
13,1973,59.3
13,1974,59.3
13,1975,59.1
13,1976,59.3
13,1977,60.3
13,1978,60.2
13,1979,61.1
13,1980,61.0
13,1981,61.0
13,1982,60.9
13,1983,61.6
13,1984,61.5
13,1985,61.8
13,1986,62.5
13,1987,62.3
13,1988,62.9
13,1989,62.8
13,1990,63.5
13,1991,63.7
13,1992,63.2
13,1993,63.7
13,1994,64.3
13,1995,64.4
13,1996,64.4
13,1997,64.6
13,1998,64.9
13,1999,65.5
13,2000,65.6
13,2001,65.7
13,2002,65.7
13,2003,65.4
13,2004,66.6
13,2005,66.9
13,2006,66.7
13,2007,66.8
13,2008,68.0
13,2009,68.2
13,2010,68.2
13,2011,68.5
13,2012,68.7
13,2013,69.3
13,2014,69.7
13,2015,69.7
13,2016,70.1
13,2017,69.5
13,2018,69.8
13,2019,70.1
13,2020,69.6
13,2021,70.0
13,2022,70.4
13,2023,70.8
14,1971,57.7
14,1972,58.2
14,1973,58.3
14,1974,58.3
14,1975,58.2
14,1976,58.3
14,1977,59.3
14,1978,59.2
14,1979,60.1
14,1980,60.0
14,1981,60.0
14,1982,59.9
14,1983,60.6
14,1984,60.5
14,1985,60.8
14,1986,61.5
14,1987,61.3
14,1988,61.9
14,1989,61.9
14,1990,62.5
14,1991,62.7
14,1992,62.2
14,1993,62.7
14,1994,63.3
14,1995,63.4
14,1996,63.4
14,1997,63.6
14,1998,63.9
14,1999,64.5
14,2000,64.6
14,2001,64.7
14,2002,64.8
14,2003,64.4
14,2004,65.6
14,2005,65.9
14,2006,65.7
14,2007,65.8
14,2008,67.0
14,2009,67.2
14,2010,67.2
14,2011,67.5
14,2012,67.7
14,2013,68.3
14,2014,68.7
14,2015,68.7
14,2016,69.1
14,2017,68.5
14,2018,68.8
14,2019,69.1
14,2020,68.6
14,2021,69.0
14,2022,69.4
14,2023,69.8
15,1971,56.8
15,1972,57.2
15,1973,57.4
15,1974,57.3
15,1975,57.2
15,1976,57.3
15,1977,58.3
15,1978,58.2
15,1979,59.1
15,1980,59.1
15,1981,59.0
15,1982,59.0
15,1983,59.6
15,1984,59.5
15,1985,59.9
15,1986,60.5
15,1987,60.3
15,1988,60.9
15,1989,60.9
15,1990,61.5
15,1991,61.7
15,1992,61.2
15,1993,61.8
15,1994,62.3
15,1995,62.4
15,1996,62.4
15,1997,62.6
15,1998,62.9
15,1999,63.5
15,2000,63.6
15,2001,63.7
15,2002,63.8
15,2003,63.4
15,2004,64.6
15,2005,65.0
15,2006,64.7
15,2007,64.9
15,2008,66.0
15,2009,66.2
15,2010,66.2
15,2011,66.5
15,2012,66.7
15,2013,67.3
15,2014,67.7
15,2015,67.7
15,2016,68.1
15,2017,67.5
15,2018,67.8
15,2019,68.1
15,2020,67.6
15,2021,68.0
15,2022,68.4
15,2023,68.8
16,1971,55.8
16,1972,56.2
16,1973,56.4
16,1974,56.3
16,1975,56.2
16,1976,56.4
16,1977,57.4
16,1978,57.3
16,1979,58.1
16,1980,58.1
16,1981,58.0
16,1982,58.0
16,1983,58.6
16,1984,58.6
16,1985,58.9
16,1986,59.5
16,1987,59.3
16,1988,59.9
16,1989,59.9
16,1990,60.5
16,1991,60.7
16,1992,60.3
16,1993,60.8
16,1994,61.3
16,1995,61.5
16,1996,61.4
16,1997,61.6
16,1998,62.0
16,1999,62.6
16,2000,62.6
16,2001,62.8
16,2002,62.8
16,2003,62.4
16,2004,63.7
16,2005,64.0
16,2006,63.7
16,2007,63.9
16,2008,65.0
16,2009,65.2
16,2010,65.2
16,2011,65.5
16,2012,65.7
16,2013,66.3
16,2014,66.7
16,2015,66.7
16,2016,67.1
16,2017,66.5
16,2018,66.8
16,2019,67.1
16,2020,66.6
16,2021,67.0
16,2022,67.4
16,2023,67.8
17,1971,54.9
17,1972,55.3
17,1973,55.4
17,1974,55.3
17,1975,55.3
17,1976,55.4
17,1977,56.4
17,1978,56.3
17,1979,57.2
17,1980,57.2
17,1981,57.1
17,1982,57.0
17,1983,57.6
17,1984,57.6
17,1985,57.9
17,1986,58.5
17,1987,58.3
17,1988,58.9
17,1989,58.9
17,1990,59.6
17,1991,59.8
17,1992,59.3
17,1993,59.8
17,1994,60.3
17,1995,60.5
17,1996,60.4
17,1997,60.7
17,1998,61.0
17,1999,61.6
17,2000,61.6
17,2001,61.8
17,2002,61.8
17,2003,61.4
17,2004,62.7
17,2005,63.0
17,2006,62.7
17,2007,62.9
17,2008,64.0
17,2009,64.2
17,2010,64.2
17,2011,64.6
17,2012,64.8
17,2013,65.3
17,2014,65.7
17,2015,65.7
17,2016,66.1
17,2017,65.5
17,2018,65.8
17,2019,66.1
17,2020,65.6
17,2021,66.0
17,2022,66.4
17,2023,66.8
18,1971,53.9
18,1972,54.4
18,1973,54.5
18,1974,54.4
18,1975,54.3
18,1976,54.5
18,1977,55.5
18,1978,55.4
18,1979,56.2
18,1980,56.2
18,1981,56.1
18,1982,56.1
18,1983,56.7
18,1984,56.6
18,1985,57.0
18,1986,57.5
18,1987,57.3
18,1988,58.0
18,1989,57.9
18,1990,58.6
18,1991,58.9
18,1992,58.3
18,1993,58.8
18,1994,59.3
18,1995,59.5
18,1996,59.5
18,1997,59.7
18,1998,60.0
18,1999,60.6
18,2000,60.6
18,2001,60.8
18,2002,60.8
18,2003,60.4
18,2004,61.7
18,2005,62.0
18,2006,61.7
18,2007,61.9
18,2008,63.1
18,2009,63.2
18,2010,63.2
18,2011,63.6
18,2012,63.8
18,2013,64.3
18,2014,64.7
18,2015,64.8
18,2016,65.1
18,2017,64.6
18,2018,64.8
18,2019,65.2
18,2020,64.6
18,2021,65.1
18,2022,65.4
18,2023,65.8
19,1971,53.0
19,1972,53.4
19,1973,53.6
19,1974,53.5
19,1975,53.4
19,1976,53.6
19,1977,54.6
19,1978,54.5
19,1979,55.3
19,1980,55.2
19,1981,55.3
19,1982,55.2
19,1983,55.7
19,1984,55.7
19,1985,56.0
19,1986,56.6
19,1987,56.5
19,1988,57.0
19,1989,57.0
19,1990,57.6
19,1991,58.0
19,1992,57.4
19,1993,57.9
19,1994,58.4
19,1995,58.6
19,1996,58.5
19,1997,58.7
19,1998,59.0
19,1999,59.6
19,2000,59.6
19,2001,59.9
19,2002,59.9
19,2003,59.4
19,2004,60.7
19,2005,61.0
19,2006,60.8
19,2007,61.0
19,2008,62.1
19,2009,62.2
19,2010,62.2
19,2011,62.6
19,2012,62.8
19,2013,63.3
19,2014,63.7
19,2015,63.8
19,2016,64.1
19,2017,63.6
19,2018,63.8
19,2019,64.2
19,2020,63.7
19,2021,64.1
19,2022,64.5
19,2023,64.8
20,1971,52.0
20,1972,52.5
20,1973,52.6
20,1974,52.6
20,1975,52.5
20,1976,52.7
20,1977,53.6
20,1978,53.6
20,1979,54.3
20,1980,54.3
20,1981,54.4
20,1982,54.3
20,1983,54.7
20,1984,54.7
20,1985,55.1
20,1986,55.6
20,1987,55.5
20,1988,56.1
20,1989,56.0
20,1990,56.7
20,1991,57.0
20,1992,56.4
20,1993,57.0
20,1994,57.5
20,1995,57.6
20,1996,57.6
20,1997,57.8
20,1998,58.1
20,1999,58.7
20,2000,58.7
20,2001,58.9
20,2002,59.0
20,2003,58.5
20,2004,59.8
20,2005,60.0
20,2006,59.8
20,2007,60.0
20,2008,61.2
20,2009,61.3
20,2010,61.2
20,2011,61.6
20,2012,61.9
20,2013,62.4
20,2014,62.8
20,2015,62.8
20,2016,63.2
20,2017,62.6
20,2018,62.8
20,2019,63.2
20,2020,62.7
20,2021,63.1
20,2022,63.5
20,2023,63.9
21,1971,51.0
21,1972,51.5
21,1973,51.7
21,1974,51.7
21,1975,51.6
21,1976,51.7
21,1977,52.7
21,1978,52.6
21,1979,53.4
21,1980,53.4
21,1981,53.4
21,1982,53.3
21,1983,53.8
21,1984,53.8
21,1985,54.2
21,1986,54.7
21,1987,54.5
21,1988,55.2
21,1989,55.2
21,1990,55.7
21,1991,56.1
21,1992,55.5
21,1993,56.0
21,1994,56.5
21,1995,56.7
21,1996,56.7
21,1997,56.8
21,1998,57.1
21,1999,57.7
21,2000,57.7
21,2001,57.9
21,2002,58.0
21,2003,57.5
21,2004,58.8
21,2005,59.0
21,2006,58.8
21,2007,59.0
21,2008,60.2
21,2009,60.3
21,2010,60.2
21,2011,60.6
21,2012,60.9
21,2013,61.4
21,2014,61.8
21,2015,61.8
21,2016,62.2
21,2017,61.6
21,2018,61.8
21,2019,62.2
21,2020,61.7
21,2021,62.1
21,2022,62.5
21,2023,62.9
22,1971,50.1
22,1972,50.6
22,1973,50.7
22,1974,50.7
22,1975,50.7
22,1976,50.8
22,1977,51.7
22,1978,51.7
22,1979,52.5
22,1980,52.4
22,1981,52.5
22,1982,52.4
22,1983,52.9
22,1984,52.9
22,1985,53.3
22,1986,53.7
22,1987,53.6
22,1988,54.2
22,1989,54.2
22,1990,54.8
22,1991,55.1
22,1992,54.5
22,1993,55.1
22,1994,55.6
22,1995,55.7
22,1996,55.7
22,1997,55.8
22,1998,56.1
22,1999,56.7
22,2000,56.8
22,2001,57.0
22,2002,57.0
22,2003,56.6
22,2004,57.9
22,2005,58.1
22,2006,57.8
22,2007,58.0
22,2008,59.2
22,2009,59.3
22,2010,59.3
22,2011,59.7
22,2012,59.9
22,2013,60.4
22,2014,60.8
22,2015,60.8
22,2016,61.2
22,2017,60.7
22,2018,60.9
22,2019,61.3
22,2020,60.7
22,2021,61.2
22,2022,61.5
22,2023,61.9
23,1971,49.1
23,1972,49.6
23,1973,49.8
23,1974,49.8
23,1975,49.8
23,1976,49.8
23,1977,50.8
23,1978,50.8
23,1979,51.5
23,1980,51.5
23,1981,51.5
23,1982,51.4
23,1983,51.9
23,1984,51.9
23,1985,52.3
23,1986,52.8
23,1987,52.7
23,1988,53.3
23,1989,53.3
23,1990,53.9
23,1991,54.2
23,1992,53.6
23,1993,54.2
23,1994,54.6
23,1995,54.7
23,1996,54.7
23,1997,54.9
23,1998,55.1
23,1999,55.8
23,2000,55.8
23,2001,56.0
23,2002,56.1
23,2003,55.6
23,2004,57.0
23,2005,57.1
23,2006,56.9
23,2007,57.0
23,2008,58.2
23,2009,58.3
23,2010,58.3
23,2011,58.7
23,2012,58.9
23,2013,59.4
23,2014,59.8
23,2015,59.9
23,2016,60.2
23,2017,59.7
23,2018,59.9
23,2019,60.3
23,2020,59.7
23,2021,60.2
23,2022,60.5
23,2023,60.9
24,1971,48.1
24,1972,48.6
24,1973,48.8
24,1974,48.8
24,1975,48.8
24,1976,48.9
24,1977,49.8
24,1978,49.9
24,1979,50.6
24,1980,50.5
24,1981,50.6
24,1982,50.5
24,1983,51.0
24,1984,51.0
24,1985,51.4
24,1986,51.8
24,1987,51.7
24,1988,52.4
24,1989,52.3
24,1990,52.9
24,1991,53.2
24,1992,52.7
24,1993,53.3
24,1994,53.7
24,1995,53.8
24,1996,53.8
24,1997,54.0
24,1998,54.1
24,1999,54.8
24,2000,54.8
24,2001,55.1
24,2002,55.1
24,2003,54.6
24,2004,56.0
24,2005,56.2
24,2006,55.9
24,2007,56.1
24,2008,57.3
24,2009,57.3
24,2010,57.4
24,2011,57.7
24,2012,57.9
24,2013,58.5
24,2014,58.8
24,2015,58.9
24,2016,59.2
24,2017,58.7
24,2018,58.9
24,2019,59.3
24,2020,58.8
24,2021,59.2
24,2022,59.6
24,2023,59.9
25,1971,47.2
25,1972,47.7
25,1973,47.9
25,1974,47.9
25,1975,47.9
25,1976,47.9
25,1977,48.9
25,1978,48.9
25,1979,49.6
25,1980,49.5
25,1981,49.6
25,1982,49.5
25,1983,50.0
25,1984,50.0
25,1985,50.4
25,1986,50.8
25,1987,50.8
25,1988,51.5
25,1989,51.3
25,1990,51.9
25,1991,52.3
25,1992,51.7
25,1993,52.3
25,1994,52.7
25,1995,52.9
25,1996,52.8
25,1997,53.1
25,1998,53.2
25,1999,53.9
25,2000,53.9
25,2001,54.1
25,2002,54.2
25,2003,53.6
25,2004,55.0
25,2005,55.2
25,2006,55.0
25,2007,55.1
25,2008,56.3
25,2009,56.4
25,2010,56.4
25,2011,56.7
25,2012,57.0
25,2013,57.5
25,2014,57.8
25,2015,57.9
25,2016,58.2
25,2017,57.7
25,2018,57.9
25,2019,58.3
25,2020,57.8
25,2021,58.2
25,2022,58.6
25,2023,58.9
26,1971,46.3
26,1972,46.8
26,1973,46.9
26,1974,46.9
26,1975,46.9
26,1976,47.0
26,1977,47.9
26,1978,47.9
26,1979,48.7
26,1980,48.6
26,1981,48.7
26,1982,48.6
26,1983,49.1
26,1984,49.1
26,1985,49.4
26,1986,49.9
26,1987,49.8
26,1988,50.5
26,1989,50.4
26,1990,50.9
26,1991,51.3
26,1992,50.7
26,1993,51.4
26,1994,51.8
26,1995,51.9
26,1996,51.9
26,1997,52.1
26,1998,52.2
26,1999,52.9
26,2000,52.9
26,2001,53.1
26,2002,53.2
26,2003,52.7
26,2004,54.1
26,2005,54.3
26,2006,54.0
26,2007,54.1
26,2008,55.3
26,2009,55.4
26,2010,55.4
26,2011,55.7
26,2012,56.0
26,2013,56.5
26,2014,56.8
26,2015,56.9
26,2016,57.2
26,2017,56.7
26,2018,56.9
26,2019,57.3
26,2020,56.8
26,2021,57.2
26,2022,57.6
26,2023,57.9
27,1971,45.3
27,1972,45.9
27,1973,46.0
27,1974,46.0
27,1975,46.0
27,1976,46.0
27,1977,46.9
27,1978,47.0
27,1979,47.7
27,1980,47.7
27,1981,47.8
27,1982,47.7
27,1983,48.1
27,1984,48.2
27,1985,48.5
27,1986,48.9
27,1987,48.9
27,1988,49.6
27,1989,49.5
27,1990,50.0
27,1991,50.3
27,1992,49.7
27,1993,50.4
27,1994,50.8
27,1995,50.9
27,1996,50.9
27,1997,51.1
27,1998,51.3
27,1999,52.0
27,2000,51.9
27,2001,52.2
27,2002,52.2
27,2003,51.7
27,2004,53.1
27,2005,53.3
27,2006,53.0
27,2007,53.2
27,2008,54.3
27,2009,54.4
27,2010,54.5
27,2011,54.8
27,2012,55.0
27,2013,55.5
27,2014,55.8
27,2015,55.9
27,2016,56.3
27,2017,55.7
27,2018,55.9
27,2019,56.3
27,2020,55.8
27,2021,56.2
27,2022,56.7
27,2023,56.9
28,1971,44.3
28,1972,44.9
28,1973,45.1
28,1974,45.1
28,1975,45.0
28,1976,45.1
28,1977,46.0
28,1978,46.1
28,1979,46.8
28,1980,46.7
28,1981,46.8
28,1982,46.8
28,1983,47.2
28,1984,47.2
28,1985,47.5
28,1986,47.9
28,1987,47.9
28,1988,48.7
28,1989,48.5
28,1990,49.0
28,1991,49.4
28,1992,48.8
28,1993,49.4
28,1994,49.9
28,1995,50.0
28,1996,50.0
28,1997,50.1
28,1998,50.3
28,1999,51.0
28,2000,51.0
28,2001,51.2
28,2002,51.3
28,2003,50.8
28,2004,52.2
28,2005,52.3
28,2006,52.0
28,2007,52.2
28,2008,53.4
28,2009,53.4
28,2010,53.5
28,2011,53.8
28,2012,54.0
28,2013,54.5
28,2014,54.8
28,2015,54.9
28,2016,55.3
28,2017,54.7
28,2018,54.9
28,2019,55.3
28,2020,54.8
28,2021,55.2
28,2022,55.7
28,2023,55.9
29,1971,43.4
29,1972,43.9
29,1973,44.1
29,1974,44.1
29,1975,44.1
29,1976,44.1
29,1977,45.0
29,1978,45.1
29,1979,45.9
29,1980,45.8
29,1981,45.9
29,1982,45.8
29,1983,46.3
29,1984,46.3
29,1985,46.6
29,1986,47.0
29,1987,47.0
29,1988,47.7
29,1989,47.6
29,1990,48.0
29,1991,48.4
29,1992,47.8
29,1993,48.5
29,1994,48.9
29,1995,49.0
29,1996,49.0
29,1997,49.2
29,1998,49.4
29,1999,50.0
29,2000,50.1
29,2001,50.2
29,2002,50.3
29,2003,49.8
29,2004,51.2
29,2005,51.3
29,2006,51.1
29,2007,51.2
29,2008,52.4
29,2009,52.4
29,2010,52.5
29,2011,52.8
29,2012,53.1
29,2013,53.6
29,2014,53.9
29,2015,53.9
29,2016,54.3
29,2017,53.8
29,2018,54.0
29,2019,54.4
29,2020,53.8
29,2021,54.2
29,2022,54.7
29,2023,55.0
30,1971,42.4
30,1972,43.0
30,1973,43.2
30,1974,43.1
30,1975,43.2
30,1976,43.1
30,1977,44.1
30,1978,44.2
30,1979,44.9
30,1980,44.8
30,1981,44.9
30,1982,44.8
30,1983,45.3
30,1984,45.4
30,1985,45.7
30,1986,46.0
30,1987,46.0
30,1988,46.8
30,1989,46.6
30,1990,47.1
30,1991,47.4
30,1992,46.9
30,1993,47.5
30,1994,48.0
30,1995,48.1
30,1996,48.1
30,1997,48.2
30,1998,48.4
30,1999,49.1
30,2000,49.1
30,2001,49.3
30,2002,49.3
30,2003,48.8
30,2004,50.2
30,2005,50.4
30,2006,50.1
30,2007,50.3
30,2008,51.5
30,2009,51.5
30,2010,51.5
30,2011,51.8
30,2012,52.1
30,2013,52.6
30,2014,52.9
30,2015,53.0
30,2016,53.3
30,2017,52.8
30,2018,53.0
30,2019,53.4
30,2020,52.8
30,2021,53.2
30,2022,53.7
30,2023,54.0
31,1971,41.5
31,1972,42.1
31,1973,42.3
31,1974,42.2
31,1975,42.2
31,1976,42.2
31,1977,43.1
31,1978,43.2
31,1979,44.0
31,1980,43.8
31,1981,44.0
31,1982,43.9
31,1983,44.3
31,1984,44.4
31,1985,44.7
31,1986,45.1
31,1987,45.1
31,1988,45.8
31,1989,45.7
31,1990,46.2
31,1991,46.5
31,1992,45.9
31,1993,46.6
31,1994,47.0
31,1995,47.1
31,1996,47.1
31,1997,47.3
31,1998,47.5
31,1999,48.2
31,2000,48.2
31,2001,48.3
31,2002,48.4
31,2003,47.8
31,2004,49.3
31,2005,49.4
31,2006,49.1
31,2007,49.3
31,2008,50.5
31,2009,50.5
31,2010,50.6
31,2011,50.9
31,2012,51.1
31,2013,51.6
31,2014,51.9
31,2015,52.0
31,2016,52.3
31,2017,51.8
31,2018,52.0
31,2019,52.4
31,2020,51.8
31,2021,52.3
31,2022,52.7
31,2023,53.0
32,1971,40.6
32,1972,41.1
32,1973,41.3
32,1974,41.2
32,1975,41.3
32,1976,41.3
32,1977,42.2
32,1978,42.2
32,1979,43.0
32,1980,42.9
32,1981,43.1
32,1982,42.9
32,1983,43.4
32,1984,43.5
32,1985,43.8
32,1986,44.1
32,1987,44.1
32,1988,44.9
32,1989,44.7
32,1990,45.2
32,1991,45.5
32,1992,45.0
32,1993,45.6
32,1994,46.1
32,1995,46.2
32,1996,46.1
32,1997,46.3
32,1998,46.5
32,1999,47.2
32,2000,47.2
32,2001,47.3
32,2002,47.4
32,2003,46.9
32,2004,48.3
32,2005,48.4
32,2006,48.1
32,2007,48.4
32,2008,49.5
32,2009,49.5
32,2010,49.6
32,2011,49.9
32,2012,50.2
32,2013,50.7
32,2014,51.0
32,2015,51.0
32,2016,51.4
32,2017,50.8
32,2018,51.0
32,2019,51.4
32,2020,50.9
32,2021,51.3
32,2022,51.7
32,2023,52.0
33,1971,39.6
33,1972,40.2
33,1973,40.4
33,1974,40.2
33,1975,40.3
33,1976,40.3
33,1977,41.3
33,1978,41.3
33,1979,42.1
33,1980,41.9
33,1981,42.1
33,1982,42.0
33,1983,42.4
33,1984,42.5
33,1985,42.8
33,1986,43.2
33,1987,43.1
33,1988,43.9
33,1989,43.8
33,1990,44.3
33,1991,44.6
33,1992,44.0
33,1993,44.7
33,1994,45.1
33,1995,45.2
33,1996,45.2
33,1997,45.4
33,1998,45.6
33,1999,46.2
33,2000,46.3
33,2001,46.4
33,2002,46.5
33,2003,45.9
33,2004,47.3
33,2005,47.4
33,2006,47.2
33,2007,47.4
33,2008,48.5
33,2009,48.6
33,2010,48.6
33,2011,48.9
33,2012,49.2
33,2013,49.7
33,2014,50.0
33,2015,50.0
33,2016,50.4
33,2017,49.8
33,2018,50.1
33,2019,50.4
33,2020,49.9
33,2021,50.3
33,2022,50.8
33,2023,51.0
34,1971,38.7
34,1972,39.2
34,1973,39.5
34,1974,39.3
34,1975,39.4
34,1976,39.3
34,1977,40.3
34,1978,40.4
34,1979,41.2
34,1980,40.9
34,1981,41.1
34,1982,41.0
34,1983,41.5
34,1984,41.5
34,1985,41.9
34,1986,42.2
34,1987,42.2
34,1988,42.9
34,1989,42.8
34,1990,43.3
34,1991,43.7
34,1992,43.1
34,1993,43.7
34,1994,44.2
34,1995,44.3
34,1996,44.3
34,1997,44.4
34,1998,44.6
34,1999,45.3
34,2000,45.3
34,2001,45.5
34,2002,45.5
34,2003,45.0
34,2004,46.4
34,2005,46.5
34,2006,46.2
34,2007,46.5
34,2008,47.5
34,2009,47.6
34,2010,47.6
34,2011,47.9
34,2012,48.2
34,2013,48.7
34,2014,49.0
34,2015,49.0
34,2016,49.4
34,2017,48.8
34,2018,49.1
34,2019,49.4
34,2020,48.9
34,2021,49.3
34,2022,49.8
34,2023,50.0
35,1971,37.8
35,1972,38.3
35,1973,38.6
35,1974,38.3
35,1975,38.5
35,1976,38.4
35,1977,39.4
35,1978,39.4
35,1979,40.3
35,1980,40.0
35,1981,40.2
35,1982,40.0
35,1983,40.5
35,1984,40.6
35,1985,40.9
35,1986,41.2
35,1987,41.3
35,1988,42.0
35,1989,41.9
35,1990,42.3
35,1991,42.7
35,1992,42.2
35,1993,42.8
35,1994,43.2
35,1995,43.3
35,1996,43.4
35,1997,43.4
35,1998,43.7
35,1999,44.3
35,2000,44.4
35,2001,44.5
35,2002,44.5
35,2003,44.0
35,2004,45.4
35,2005,45.5
35,2006,45.2
35,2007,45.5
35,2008,46.6
35,2009,46.6
35,2010,46.7
35,2011,46.9
35,2012,47.2
35,2013,47.8
35,2014,48.0
35,2015,48.0
35,2016,48.4
35,2017,47.9
35,2018,48.1
35,2019,48.5
35,2020,47.9
35,2021,48.3
35,2022,48.8
35,2023,49.1
36,1971,36.8
36,1972,37.4
36,1973,37.6
36,1974,37.4
36,1975,37.6
36,1976,37.5
36,1977,38.5
36,1978,38.4
36,1979,39.3
36,1980,39.0
36,1981,39.2
36,1982,39.1
36,1983,39.6
36,1984,39.7
36,1985,40.0
36,1986,40.3
36,1987,40.3
36,1988,41.0
36,1989,40.9
36,1990,41.4
36,1991,41.8
36,1992,41.2
36,1993,41.8
36,1994,42.3
36,1995,42.4
36,1996,42.4
36,1997,42.5
36,1998,42.7
36,1999,43.4
36,2000,43.4
36,2001,43.5
36,2002,43.6
36,2003,43.0
36,2004,44.5
36,2005,44.5
36,2006,44.3
36,2007,44.5
36,2008,45.6
36,2009,45.6
36,2010,45.7
36,2011,46.0
36,2012,46.3
36,2013,46.8
36,2014,47.1
36,2015,47.1
36,2016,47.4
36,2017,46.9
36,2018,47.2
36,2019,47.5
36,2020,47.0
36,2021,47.3
36,2022,47.8
36,2023,48.1
37,1971,35.9
37,1972,36.5
37,1973,36.7
37,1974,36.4
37,1975,36.6
37,1976,36.5
37,1977,37.6
37,1978,37.5
37,1979,38.4
37,1980,38.1
37,1981,38.2
37,1982,38.1
37,1983,38.6
37,1984,38.7
37,1985,39.0
37,1986,39.4
37,1987,39.4
37,1988,40.1
37,1989,40.0
37,1990,40.5
37,1991,40.9
37,1992,40.3
37,1993,40.9
37,1994,41.4
37,1995,41.4
37,1996,41.5
37,1997,41.5
37,1998,41.8
37,1999,42.4
37,2000,42.4
37,2001,42.6
37,2002,42.6
37,2003,42.1
37,2004,43.5
37,2005,43.6
37,2006,43.3
37,2007,43.5
37,2008,44.6
37,2009,44.7
37,2010,44.7
37,2011,45.0
37,2012,45.3
37,2013,45.8
37,2014,46.1
37,2015,46.1
37,2016,46.4
37,2017,45.9
37,2018,46.2
37,2019,46.5
37,2020,46.0
37,2021,46.4
37,2022,46.8
37,2023,47.1
38,1971,35.0
38,1972,35.5
38,1973,35.8
38,1974,35.5
38,1975,35.6
38,1976,35.6
38,1977,36.6
38,1978,36.6
38,1979,37.5
38,1980,37.2
38,1981,37.3
38,1982,37.2
38,1983,37.7
38,1984,37.8
38,1985,38.1
38,1986,38.4
38,1987,38.4
38,1988,39.1
38,1989,39.0
38,1990,39.5
38,1991,40.0
38,1992,39.4
38,1993,39.9
38,1994,40.4
38,1995,40.5
38,1996,40.5
38,1997,40.6
38,1998,40.9
38,1999,41.4
38,2000,41.5
38,2001,41.6
38,2002,41.7
38,2003,41.1
38,2004,42.5
38,2005,42.6
38,2006,42.4
38,2007,42.6
38,2008,43.6
38,2009,43.7
38,2010,43.8
38,2011,44.0
38,2012,44.3
38,2013,44.8
38,2014,45.1
38,2015,45.1
38,2016,45.5
38,2017,44.9
38,2018,45.2
38,2019,45.5
38,2020,45.0
38,2021,45.4
38,2022,45.8
38,2023,46.1
39,1971,34.1
39,1972,34.6
39,1973,34.9
39,1974,34.6
39,1975,34.7
39,1976,34.7
39,1977,35.7
39,1978,35.7
39,1979,36.5
39,1980,36.2
39,1981,36.4
39,1982,36.2
39,1983,36.8
39,1984,36.9
39,1985,37.2
39,1986,37.5
39,1987,37.5
39,1988,38.2
39,1989,38.1
39,1990,38.6
39,1991,39.0
39,1992,38.4
39,1993,39.1
39,1994,39.5
39,1995,39.5
39,1996,39.6
39,1997,39.6
39,1998,39.9
39,1999,40.4
39,2000,40.5
39,2001,40.7
39,2002,40.7
39,2003,40.2
39,2004,41.6
39,2005,41.7
39,2006,41.4
39,2007,41.6
39,2008,42.7
39,2009,42.8
39,2010,42.8
39,2011,43.0
39,2012,43.4
39,2013,43.8
39,2014,44.1
39,2015,44.2
39,2016,44.5
39,2017,44.0
39,2018,44.2
39,2019,44.6
39,2020,44.0
39,2021,44.4
39,2022,44.9
39,2023,45.1
40,1971,33.2
40,1972,33.8
40,1973,33.9
40,1974,33.6
40,1975,33.7
40,1976,33.8
40,1977,34.8
40,1978,34.7
40,1979,35.6
40,1980,35.3
40,1981,35.5
40,1982,35.4
40,1983,35.9
40,1984,36.0
40,1985,36.2
40,1986,36.5
40,1987,36.6
40,1988,37.3
40,1989,37.1
40,1990,37.7
40,1991,38.1
40,1992,37.5
40,1993,38.1
40,1994,38.5
40,1995,38.6
40,1996,38.7
40,1997,38.7
40,1998,38.9
40,1999,39.5
40,2000,39.6
40,2001,39.7
40,2002,39.8
40,2003,39.2
40,2004,40.6
40,2005,40.8
40,2006,40.5
40,2007,40.6
40,2008,41.7
40,2009,41.8
40,2010,41.8
40,2011,42.1
40,2012,42.4
40,2013,42.9
40,2014,43.2
40,2015,43.2
40,2016,43.5
40,2017,43.0
40,2018,43.2
40,2019,43.6
40,2020,43.1
40,2021,43.4
40,2022,43.9
40,2023,44.2
41,1971,32.2
41,1972,32.9
41,1973,33.0
41,1974,32.8
41,1975,32.9
41,1976,32.9
41,1977,33.9
41,1978,33.8
41,1979,34.7
41,1980,34.4
41,1981,34.6
41,1982,34.5
41,1983,35.0
41,1984,35.1
41,1985,35.3
41,1986,35.6
41,1987,35.7
41,1988,36.4
41,1989,36.2
41,1990,36.7
41,1991,37.2
41,1992,36.6
41,1993,37.2
41,1994,37.6
41,1995,37.7
41,1996,37.7
41,1997,37.8
41,1998,38.0
41,1999,38.6
41,2000,38.6
41,2001,38.8
41,2002,38.8
41,2003,38.3
41,2004,39.7
41,2005,39.8
41,2006,39.5
41,2007,39.6
41,2008,40.7
41,2009,40.8
41,2010,40.9
41,2011,41.1
41,2012,41.5
41,2013,41.9
41,2014,42.2
41,2015,42.2
41,2016,42.5
41,2017,42.0
41,2018,42.3
41,2019,42.6
41,2020,42.1
41,2021,42.5
41,2022,42.9
41,2023,43.2
42,1971,31.3
42,1972,32.0
42,1973,32.0
42,1974,31.9
42,1975,32.0
42,1976,32.0
42,1977,33.0
42,1978,32.9
42,1979,33.8
42,1980,33.4
42,1981,33.7
42,1982,33.6
42,1983,34.1
42,1984,34.1
42,1985,34.4
42,1986,34.7
42,1987,34.7
42,1988,35.4
42,1989,35.2
42,1990,35.8
42,1991,36.2
42,1992,35.7
42,1993,36.2
42,1994,36.7
42,1995,36.7
42,1996,36.8
42,1997,36.9
42,1998,37.1
42,1999,37.6
42,2000,37.7
42,2001,37.9
42,2002,37.9
42,2003,37.3
42,2004,38.7
42,2005,38.8
42,2006,38.6
42,2007,38.7
42,2008,39.8
42,2009,39.9
42,2010,39.9
42,2011,40.1
42,2012,40.5
42,2013,41.0
42,2014,41.3
42,2015,41.3
42,2016,41.6
42,2017,41.1
42,2018,41.3
42,2019,41.6
42,2020,41.1
42,2021,41.5
42,2022,41.9
42,2023,42.2
43,1971,30.4
43,1972,31.1
43,1973,31.2
43,1974,31.0
43,1975,31.1
43,1976,31.1
43,1977,32.1
43,1978,32.0
43,1979,32.9
43,1980,32.5
43,1981,32.8
43,1982,32.7
43,1983,33.2
43,1984,33.2
43,1985,33.5
43,1986,33.7
43,1987,33.8
43,1988,34.5
43,1989,34.3
43,1990,34.9
43,1991,35.3
43,1992,34.8
43,1993,35.3
43,1994,35.8
43,1995,35.8
43,1996,35.9
43,1997,35.9
43,1998,36.2
43,1999,36.7
43,2000,36.8
43,2001,36.9
43,2002,36.9
43,2003,36.4
43,2004,37.8
43,2005,37.9
43,2006,37.7
43,2007,37.7
43,2008,38.8
43,2009,38.9
43,2010,38.9
43,2011,39.2
43,2012,39.5
43,2013,40.0
43,2014,40.3
43,2015,40.3
43,2016,40.6
43,2017,40.1
43,2018,40.3
43,2019,40.7
43,2020,40.2
43,2021,40.6
43,2022,41.0
43,2023,41.3
44,1971,29.5
44,1972,30.1
44,1973,30.3
44,1974,30.1
44,1975,30.2
44,1976,30.2
44,1977,31.2
44,1978,31.1
44,1979,31.9
44,1980,31.6
44,1981,31.9
44,1982,31.8
44,1983,32.3
44,1984,32.3
44,1985,32.6
44,1986,32.8
44,1987,32.9
44,1988,33.6
44,1989,33.4
44,1990,34.0
44,1991,34.4
44,1992,33.9
44,1993,34.4
44,1994,34.9
44,1995,34.9
44,1996,35.0
44,1997,35.0
44,1998,35.3
44,1999,35.8
44,2000,35.8
44,2001,36.0
44,2002,36.0
44,2003,35.5
44,2004,36.8
44,2005,36.9
44,2006,36.7
44,2007,36.8
44,2008,37.9
44,2009,37.9
44,2010,38.0
44,2011,38.2
44,2012,38.5
44,2013,39.0
44,2014,39.4
44,2015,39.4
44,2016,39.7
44,2017,39.1
44,2018,39.4
44,2019,39.7
44,2020,39.2
44,2021,39.6
44,2022,40.0
44,2023,40.3
45,1971,28.7
45,1972,29.3
45,1973,29.4
45,1974,29.2
45,1975,29.3
45,1976,29.4
45,1977,30.4
45,1978,30.2
45,1979,31.0
45,1980,30.7
45,1981,31.0
45,1982,30.9
45,1983,31.4
45,1984,31.3
45,1985,31.7
45,1986,31.9
45,1987,32.0
45,1988,32.7
45,1989,32.5
45,1990,33.1
45,1991,33.6
45,1992,33.0
45,1993,33.5
45,1994,34.0
45,1995,34.0
45,1996,34.0
45,1997,34.1
45,1998,34.4
45,1999,34.8
45,2000,35.0
45,2001,35.1
45,2002,35.1
45,2003,34.5
45,2004,35.9
45,2005,36.0
45,2006,35.8
45,2007,35.8
45,2008,36.9
45,2009,37.0
45,2010,37.1
45,2011,37.3
45,2012,37.6
45,2013,38.1
45,2014,38.4
45,2015,38.4
45,2016,38.7
45,2017,38.2
45,2018,38.4
45,2019,38.7
45,2020,38.2
45,2021,38.6
45,2022,39.0
45,2023,39.4
46,1971,27.8
46,1972,28.4
46,1973,28.5
46,1974,28.3
46,1975,28.5
46,1976,28.5
46,1977,29.4
46,1978,29.3
46,1979,30.1
46,1980,29.8
46,1981,30.1
46,1982,29.9
46,1983,30.5
46,1984,30.4
46,1985,30.8
46,1986,31.0
46,1987,31.1
46,1988,31.8
46,1989,31.6
46,1990,32.2
46,1991,32.7
46,1992,32.0
46,1993,32.6
46,1994,33.0
46,1995,33.1
46,1996,33.1
46,1997,33.2
46,1998,33.5
46,1999,33.9
46,2000,34.0
46,2001,34.2
46,2002,34.2
46,2003,33.6
46,2004,35.0
46,2005,35.0
46,2006,34.9
46,2007,34.9
46,2008,36.0
46,2009,36.1
46,2010,36.1
46,2011,36.3
46,2012,36.6
46,2013,37.1
46,2014,37.5
46,2015,37.5
46,2016,37.8
46,2017,37.2
46,2018,37.5
46,2019,37.7
46,2020,37.3
46,2021,37.7
46,2022,38.1
46,2023,38.4
47,1971,26.9
47,1972,27.6
47,1973,27.6
47,1974,27.5
47,1975,27.6
47,1976,27.6
47,1977,28.5
47,1978,28.4
47,1979,29.2
47,1980,29.0
47,1981,29.2
47,1982,29.0
47,1983,29.6
47,1984,29.5
47,1985,29.9
47,1986,30.1
47,1987,30.2
47,1988,30.9
47,1989,30.7
47,1990,31.3
47,1991,31.7
47,1992,31.2
47,1993,31.7
47,1994,32.2
47,1995,32.2
47,1996,32.2
47,1997,32.3
47,1998,32.6
47,1999,33.0
47,2000,33.1
47,2001,33.3
47,2002,33.3
47,2003,32.7
47,2004,34.1
47,2005,34.1
47,2006,34.0
47,2007,34.0
47,2008,35.0
47,2009,35.1
47,2010,35.2
47,2011,35.4
47,2012,35.7
47,2013,36.2
47,2014,36.5
47,2015,36.5
47,2016,36.8
47,2017,36.3
47,2018,36.5
47,2019,36.8
47,2020,36.3
47,2021,36.7
47,2022,37.1
47,2023,37.4
48,1971,26.1
48,1972,26.7
48,1973,26.7
48,1974,26.6
48,1975,26.7
48,1976,26.7
48,1977,27.6
48,1978,27.6
48,1979,28.3
48,1980,28.1
48,1981,28.4
48,1982,28.2
48,1983,28.7
48,1984,28.7
48,1985,29.0
48,1986,29.2
48,1987,29.4
48,1988,30.0
48,1989,29.8
48,1990,30.4
48,1991,30.8
48,1992,30.3
48,1993,30.8
48,1994,31.2
48,1995,31.3
48,1996,31.3
48,1997,31.4
48,1998,31.6
48,1999,32.1
48,2000,32.2
48,2001,32.4
48,2002,32.4
48,2003,31.7
48,2004,33.2
48,2005,33.2
48,2006,33.1
48,2007,33.0
48,2008,34.1
48,2009,34.2
48,2010,34.3
48,2011,34.4
48,2012,34.7
48,2013,35.3
48,2014,35.6
48,2015,35.6
48,2016,35.9
48,2017,35.4
48,2018,35.6
48,2019,35.8
48,2020,35.4
48,2021,35.8
48,2022,36.2
48,2023,36.5
49,1971,25.2
49,1972,25.8
49,1973,25.9
49,1974,25.7
49,1975,25.9
49,1976,25.9
49,1977,26.8
49,1978,26.7
49,1979,27.5
49,1980,27.3
49,1981,27.5
49,1982,27.3
49,1983,27.9
49,1984,27.8
49,1985,28.1
49,1986,28.4
49,1987,28.5
49,1988,29.1
49,1989,28.9
49,1990,29.5
49,1991,29.9
49,1992,29.4
49,1993,29.9
49,1994,30.3
49,1995,30.4
49,1996,30.4
49,1997,30.5
49,1998,30.8
49,1999,31.3
49,2000,31.3
49,2001,31.5
49,2002,31.5
49,2003,30.9
49,2004,32.3
49,2005,32.2
49,2006,32.2
49,2007,32.2
49,2008,33.2
49,2009,33.2
49,2010,33.4
49,2011,33.5
49,2012,33.8
49,2013,34.3
49,2014,34.7
49,2015,34.6
49,2016,34.9
49,2017,34.5
49,2018,34.6
49,2019,34.9
49,2020,34.4
49,2021,34.8
49,2022,35.2
49,2023,35.5
50,1971,24.3
50,1972,25.0
50,1973,25.0
50,1974,24.8
50,1975,25.1
50,1976,25.0
50,1977,26.0
50,1978,25.9
50,1979,26.6
50,1980,26.4
50,1981,26.7
50,1982,26.4
50,1983,27.0
50,1984,27.0
50,1985,27.3
50,1986,27.5
50,1987,27.6
50,1988,28.2
50,1989,28.0
50,1990,28.7
50,1991,29.1
50,1992,28.5
50,1993,29.0
50,1994,29.4
50,1995,29.5
50,1996,29.6
50,1997,29.6
50,1998,29.9
50,1999,30.4
50,2000,30.4
50,2001,30.6
50,2002,30.6
50,2003,29.9
50,2004,31.4
50,2005,31.3
50,2006,31.3
50,2007,31.2
50,2008,32.2
50,2009,32.3
50,2010,32.5
50,2011,32.6
50,2012,32.9
50,2013,33.4
50,2014,33.7
50,2015,33.7
50,2016,34.0
50,2017,33.5
50,2018,33.7
50,2019,34.0
50,2020,33.5
50,2021,33.9
50,2022,34.2
50,2023,34.6
51,1971,23.5
51,1972,24.1
51,1973,24.2
51,1974,24.0
51,1975,24.2
51,1976,24.1
51,1977,25.1
51,1978,25.0
51,1979,25.8
51,1980,25.5
51,1981,25.8
51,1982,25.6
51,1983,26.2
51,1984,26.2
51,1985,26.4
51,1986,26.7
51,1987,26.8
51,1988,27.3
51,1989,27.2
51,1990,27.8
51,1991,28.3
51,1992,27.6
51,1993,28.1
51,1994,28.6
51,1995,28.6
51,1996,28.7
51,1997,28.7
51,1998,29.0
51,1999,29.5
51,2000,29.5
51,2001,29.7
51,2002,29.7
51,2003,29.0
51,2004,30.5
51,2005,30.5
51,2006,30.4
51,2007,30.3
51,2008,31.3
51,2009,31.5
51,2010,31.6
51,2011,31.7
51,2012,31.9
51,2013,32.5
51,2014,32.8
51,2015,32.7
51,2016,33.1
51,2017,32.6
51,2018,32.7
51,2019,33.1
51,2020,32.6
51,2021,33.0
51,2022,33.3
51,2023,33.6
52,1971,22.7
52,1972,23.3
52,1973,23.3
52,1974,23.1
52,1975,23.4
52,1976,23.3
52,1977,24.3
52,1978,24.2
52,1979,24.9
52,1980,24.6
52,1981,24.9
52,1982,24.7
52,1983,25.3
52,1984,25.4
52,1985,25.5
52,1986,25.8
52,1987,26.0
52,1988,26.4
52,1989,26.3
52,1990,27.0
52,1991,27.4
52,1992,26.8
52,1993,27.2
52,1994,27.7
52,1995,27.8
52,1996,27.8
52,1997,27.8
52,1998,28.2
52,1999,28.6
52,2000,28.6
52,2001,28.9
52,2002,28.8
52,2003,28.1
52,2004,29.6
52,2005,29.6
52,2006,29.5
52,2007,29.5
52,2008,30.4
52,2009,30.6
52,2010,30.7
52,2011,30.8
52,2012,31.1
52,2013,31.6
52,2014,31.9
52,2015,31.8
52,2016,32.2
52,2017,31.7
52,2018,31.8
52,2019,32.1
52,2020,31.6
52,2021,32.0
52,2022,32.4
52,2023,32.7
53,1971,21.9
53,1972,22.5
53,1973,22.5
53,1974,22.3
53,1975,22.6
53,1976,22.5
53,1977,23.5
53,1978,23.4
53,1979,24.1
53,1980,23.8
53,1981,24.1
53,1982,23.9
53,1983,24.4
53,1984,24.6
53,1985,24.7
53,1986,25.0
53,1987,25.2
53,1988,25.6
53,1989,25.4
53,1990,26.1
53,1991,26.5
53,1992,25.9
53,1993,26.4
53,1994,26.9
53,1995,26.9
53,1996,27.0
53,1997,27.0
53,1998,27.3
53,1999,27.7
53,2000,27.8
53,2001,27.9
53,2002,28.0
53,2003,27.3
53,2004,28.7
53,2005,28.7
53,2006,28.7
53,2007,28.6
53,2008,29.5
53,2009,29.7
53,2010,29.8
53,2011,29.9
53,2012,30.2
53,2013,30.7
53,2014,31.0
53,2015,30.9
53,2016,31.2
53,2017,30.8
53,2018,31.0
53,2019,31.2
53,2020,30.7
53,2021,31.1
53,2022,31.4
53,2023,31.8
54,1971,21.1
54,1972,21.7
54,1973,21.7
54,1974,21.5
54,1975,21.7
54,1976,21.7
54,1977,22.7
54,1978,22.5
54,1979,23.2
54,1980,23.0
54,1981,23.4
54,1982,23.1
54,1983,23.6
54,1984,23.8
54,1985,23.9
54,1986,24.2
54,1987,24.3
54,1988,24.7
54,1989,24.6
54,1990,25.3
54,1991,25.7
54,1992,25.1
54,1993,25.5
54,1994,26.0
54,1995,26.1
54,1996,26.1
54,1997,26.1
54,1998,26.4
54,1999,26.9
54,2000,26.9
54,2001,27.0
54,2002,27.1
54,2003,26.4
54,2004,27.9
54,2005,27.8
54,2006,27.8
54,2007,27.7
54,2008,28.6
54,2009,28.9
54,2010,28.9
54,2011,29.0
54,2012,29.3
54,2013,29.8
54,2014,30.1
54,2015,30.0
54,2016,30.3
54,2017,29.9
54,2018,30.1
54,2019,30.3
54,2020,29.8
54,2021,30.2
54,2022,30.5
54,2023,30.8
55,1971,20.3
55,1972,20.9
55,1973,20.9
55,1974,20.7
55,1975,21.0
55,1976,20.9
55,1977,21.9
55,1978,21.7
55,1979,22.4
55,1980,22.2
55,1981,22.5
55,1982,22.3
55,1983,22.7
55,1984,23.0
55,1985,23.0
55,1986,23.3
55,1987,23.5
55,1988,23.9
55,1989,23.8
55,1990,24.5
55,1991,24.9
55,1992,24.3
55,1993,24.7
55,1994,25.1
55,1995,25.3
55,1996,25.2
55,1997,25.3
55,1998,25.6
55,1999,26.0
55,2000,26.0
55,2001,26.2
55,2002,26.2
55,2003,25.5
55,2004,27.0
55,2005,26.9
55,2006,26.9
55,2007,26.8
55,2008,27.8
55,2009,28.0
55,2010,28.0
55,2011,28.2
55,2012,28.4
55,2013,29.0
55,2014,29.1
55,2015,29.1
55,2016,29.4
55,2017,28.9
55,2018,29.1
55,2019,29.4
55,2020,28.8
55,2021,29.3
55,2022,29.6
55,2023,29.9
56,1971,19.5
56,1972,20.1
56,1973,20.1
56,1974,20.0
56,1975,20.3
56,1976,20.0
56,1977,21.1
56,1978,20.9
56,1979,21.6
56,1980,21.5
56,1981,21.7
56,1982,21.5
56,1983,21.9
56,1984,22.2
56,1985,22.2
56,1986,22.5
56,1987,22.7
56,1988,23.2
56,1989,22.9
56,1990,23.7
56,1991,24.1
56,1992,23.4
56,1993,23.8
56,1994,24.3
56,1995,24.4
56,1996,24.3
56,1997,24.5
56,1998,24.8
56,1999,25.2
56,2000,25.1
56,2001,25.3
56,2002,25.3
56,2003,24.6
56,2004,26.1
56,2005,26.1
56,2006,26.0
56,2007,25.9
56,2008,27.0
56,2009,27.1
56,2010,27.2
56,2011,27.3
56,2012,27.5
56,2013,28.1
56,2014,28.2
56,2015,28.2
56,2016,28.5
56,2017,28.0
56,2018,28.2
56,2019,28.5
56,2020,27.9
56,2021,28.4
56,2022,28.7
56,2023,29.0
57,1971,18.8
57,1972,19.4
57,1973,19.4
57,1974,19.3
57,1975,19.5
57,1976,19.3
57,1977,20.2
57,1978,20.1
57,1979,20.8
57,1980,20.7
57,1981,20.9
57,1982,20.8
57,1983,21.1
57,1984,21.4
57,1985,21.4
57,1986,21.6
57,1987,21.8
57,1988,22.4
57,1989,22.2
57,1990,22.9
57,1991,23.3
57,1992,22.6
57,1993,23.1
57,1994,23.5
57,1995,23.6
57,1996,23.5
57,1997,23.6
57,1998,23.9
57,1999,24.4
57,2000,24.3
57,2001,24.4
57,2002,24.5
57,2003,23.8
57,2004,25.3
57,2005,25.2
57,2006,25.2
57,2007,25.0
57,2008,26.1
57,2009,26.3
57,2010,26.3
57,2011,26.4
57,2012,26.7
57,2013,27.3
57,2014,27.4
57,2015,27.3
57,2016,27.6
57,2017,27.1
57,2018,27.3
57,2019,27.6
57,2020,27.0
57,2021,27.5
57,2022,27.8
57,2023,28.1
58,1971,18.0
58,1972,18.7
58,1973,18.7
58,1974,18.6
58,1975,18.7
58,1976,18.5
58,1977,19.5
58,1978,19.3
58,1979,20.0
58,1980,19.9
58,1981,20.1
58,1982,20.0
58,1983,20.2
58,1984,20.6
58,1985,20.6
58,1986,20.9
58,1987,21.1
58,1988,21.6
58,1989,21.4
58,1990,22.1
58,1991,22.5
58,1992,21.8
58,1993,22.3
58,1994,22.7
58,1995,22.9
58,1996,22.7
58,1997,22.7
58,1998,23.1
58,1999,23.5
58,2000,23.5
58,2001,23.6
58,2002,23.7
58,2003,23.0
58,2004,24.4
58,2005,24.4
58,2006,24.4
58,2007,24.2
58,2008,25.2
58,2009,25.4
58,2010,25.5
58,2011,25.5
58,2012,25.8
58,2013,26.4
58,2014,26.5
58,2015,26.4
58,2016,26.8
58,2017,26.2
58,2018,26.4
58,2019,26.7
58,2020,26.2
58,2021,26.6
58,2022,26.9
58,2023,27.2
59,1971,17.2
59,1972,17.9
59,1973,17.9
59,1974,17.8
59,1975,17.9
59,1976,17.8
59,1977,18.7
59,1978,18.6
59,1979,19.3
59,1980,19.1
59,1981,19.3
59,1982,19.3
59,1983,19.4
59,1984,19.9
59,1985,19.8
59,1986,20.1
59,1987,20.3
59,1988,20.8
59,1989,20.6
59,1990,21.2
59,1991,21.7
59,1992,21.0
59,1993,21.4
59,1994,21.9
59,1995,22.0
59,1996,21.9
59,1997,21.9
59,1998,22.2
59,1999,22.7
59,2000,22.7
59,2001,22.8
59,2002,23.0
59,2003,22.2
59,2004,23.6
59,2005,23.5
59,2006,23.5
59,2007,23.4
59,2008,24.4
59,2009,24.6
59,2010,24.6
59,2011,24.7
59,2012,25.0
59,2013,25.5
59,2014,25.6
59,2015,25.5
59,2016,25.9
59,2017,25.3
59,2018,25.6
59,2019,25.9
59,2020,25.3
59,2021,25.7
59,2022,26.0
59,2023,26.3
60,1971,16.5
60,1972,17.2
60,1973,17.1
60,1974,17.1
60,1975,17.1
60,1976,17.0
60,1977,18.0
60,1978,17.9
60,1979,18.5
60,1980,18.3
60,1981,18.6
60,1982,18.6
60,1983,18.6
60,1984,19.1
60,1985,19.1
60,1986,19.3
60,1987,19.6
60,1988,20.0
60,1989,19.8
60,1990,20.5
60,1991,20.9
60,1992,20.2
60,1993,20.6
60,1994,21.1
60,1995,21.2
60,1996,21.1
60,1997,21.1
60,1998,21.5
60,1999,21.8
60,2000,22.0
60,2001,22.0
60,2002,22.2
60,2003,21.3
60,2004,22.7
60,2005,22.7
60,2006,22.7
60,2007,22.5
60,2008,23.5
60,2009,23.7
60,2010,23.8
60,2011,23.8
60,2012,24.1
60,2013,24.7
60,2014,24.8
60,2015,24.7
60,2016,25.1
60,2017,24.4
60,2018,24.7
60,2019,25.0
60,2020,24.5
60,2021,24.9
60,2022,25.2
60,2023,25.4
61,1971,15.8
61,1972,16.5
61,1973,16.4
61,1974,16.4
61,1975,16.4
61,1976,16.2
61,1977,17.3
61,1978,17.1
61,1979,17.8
61,1980,17.5
61,1981,17.8
61,1982,17.9
61,1983,17.9
61,1984,18.4
61,1985,18.4
61,1986,18.6
61,1987,18.8
61,1988,19.2
61,1989,19.0
61,1990,19.7
61,1991,20.1
61,1992,19.4
61,1993,19.8
61,1994,20.3
61,1995,20.4
61,1996,20.4
61,1997,20.3
61,1998,20.7
61,1999,21.0
61,2000,21.2
61,2001,21.2
61,2002,21.4
61,2003,20.5
61,2004,21.9
61,2005,21.9
61,2006,21.9
61,2007,21.7
61,2008,22.7
61,2009,22.8
61,2010,22.9
61,2011,23.0
61,2012,23.3
61,2013,23.8
61,2014,23.9
61,2015,23.8
61,2016,24.2
61,2017,23.6
61,2018,23.8
61,2019,24.2
61,2020,23.6
61,2021,24.0
61,2022,24.3
61,2023,24.6
62,1971,15.1
62,1972,15.8
62,1973,15.7
62,1974,15.7
62,1975,15.7
62,1976,15.5
62,1977,16.5
62,1978,16.5
62,1979,17.1
62,1980,16.8
62,1981,17.0
62,1982,17.1
62,1983,17.1
62,1984,17.7
62,1985,17.6
62,1986,17.8
62,1987,18.1
62,1988,18.5
62,1989,18.3
62,1990,19.0
62,1991,19.3
62,1992,18.6
62,1993,19.0
62,1994,19.5
62,1995,19.6
62,1996,19.6
62,1997,19.5
62,1998,20.0
62,1999,20.2
62,2000,20.4
62,2001,20.4
62,2002,20.5
62,2003,19.7
62,2004,21.1
62,2005,21.0
62,2006,21.1
62,2007,20.9
62,2008,21.9
62,2009,22.0
62,2010,22.1
62,2011,22.2
62,2012,22.5
62,2013,23.0
62,2014,23.1
62,2015,22.9
62,2016,23.4
62,2017,22.7
62,2018,23.0
62,2019,23.3
62,2020,22.7
62,2021,23.1
62,2022,23.4
62,2023,23.8
63,1971,14.4
63,1972,15.0
63,1973,15.1
63,1974,15.0
63,1975,15.1
63,1976,14.9
63,1977,15.8
63,1978,15.8
63,1979,16.3
63,1980,16.1
63,1981,16.3
63,1982,16.4
63,1983,16.4
63,1984,16.9
63,1985,16.9
63,1986,17.0
63,1987,17.3
63,1988,17.8
63,1989,17.5
63,1990,18.2
63,1991,18.5
63,1992,17.8
63,1993,18.2
63,1994,18.7
63,1995,19.0
63,1996,18.9
63,1997,18.8
63,1998,19.2
63,1999,19.4
63,2000,19.6
63,2001,19.6
63,2002,19.8
63,2003,18.9
63,2004,20.3
63,2005,20.3
63,2006,20.3
63,2007,20.1
63,2008,21.0
63,2009,21.2
63,2010,21.2
63,2011,21.5
63,2012,21.7
63,2013,22.2
63,2014,22.3
63,2015,22.1
63,2016,22.6
63,2017,21.9
63,2018,22.1
63,2019,22.5
63,2020,21.8
63,2021,22.3
63,2022,22.6
63,2023,22.9
64,1971,13.7
64,1972,14.4
64,1973,14.5
64,1974,14.4
64,1975,14.4
64,1976,14.1
64,1977,15.2
64,1978,15.1
64,1979,15.6
64,1980,15.4
64,1981,15.7
64,1982,15.8
64,1983,15.7
64,1984,16.2
64,1985,16.1
64,1986,16.3
64,1987,16.6
64,1988,17.0
64,1989,16.8
64,1990,17.4
64,1991,17.8
64,1992,17.2
64,1993,17.5
64,1994,17.9
64,1995,18.2
64,1996,18.2
64,1997,18.0
64,1998,18.4
64,1999,18.6
64,2000,18.8
64,2001,18.8
64,2002,19.0
64,2003,18.1
64,2004,19.6
64,2005,19.5
64,2006,19.5
64,2007,19.3
64,2008,20.3
64,2009,20.4
64,2010,20.5
64,2011,20.6
64,2012,20.8
64,2013,21.4
64,2014,21.5
64,2015,21.3
64,2016,21.7
64,2017,21.1
64,2018,21.4
64,2019,21.7
64,2020,21.0
64,2021,21.5
64,2022,21.7
64,2023,22.0
65,1971,13.1
65,1972,13.7
65,1973,13.8
65,1974,13.7
65,1975,13.7
65,1976,13.5
65,1977,14.5
65,1978,14.5
65,1979,15.0
65,1980,14.7
65,1981,15.0
65,1982,15.2
65,1983,15.0
65,1984,15.5
65,1985,15.4
65,1986,15.6
65,1987,15.9
65,1988,16.2
65,1989,16.1
65,1990,16.7
65,1991,17.1
65,1992,16.4
65,1993,16.8
65,1994,17.1
65,1995,17.5
65,1996,17.4
65,1997,17.3
65,1998,17.6
65,1999,17.8
65,2000,18.1
65,2001,18.1
65,2002,18.2
65,2003,17.3
65,2004,18.8
65,2005,18.8
65,2006,18.8
65,2007,18.5
65,2008,19.4
65,2009,19.7
65,2010,19.6
65,2011,19.8
65,2012,20.0
65,2013,20.6
65,2014,20.7
65,2015,20.5
65,2016,20.9
65,2017,20.2
65,2018,20.5
65,2019,20.9
65,2020,20.2
65,2021,20.7
65,2022,21.0
65,2023,21.2
65,2024,21.4
66,1971,12.5
66,1972,13.2
66,1973,13.1
66,1974,13.0
66,1975,13.1
66,1976,12.8
66,1977,13.7
66,1978,13.8
66,1979,14.4
66,1980,14.1
66,1981,14.3
66,1982,14.5
66,1983,14.2
66,1984,14.8
66,1985,14.7
66,1986,14.9
66,1987,15.1
66,1988,15.6
66,1989,15.4
66,1990,16.0
66,1991,16.3
66,1992,15.8
66,1993,16.0
66,1994,16.3
66,1995,16.9
66,1996,16.8
66,1997,16.5
66,1998,16.9
66,1999,17.1
66,2000,17.3
66,2001,17.3
66,2002,17.4
66,2003,16.6
66,2004,18.0
66,2005,18.0
66,2006,18.1
66,2007,17.7
66,2008,18.6
66,2009,18.9
66,2010,18.8
66,2011,19.0
66,2012,19.3
66,2013,19.7
66,2014,19.9
66,2015,19.7
66,2016,20.1
66,2017,19.5
66,2018,19.7
66,2019,20.1
66,2020,19.4
66,2021,19.8
66,2022,20.2
66,2023,20.4
67,1971,11.9
67,1972,12.6
67,1973,12.4
67,1974,12.4
67,1975,12.5
67,1976,12.2
67,1977,13.1
67,1978,13.2
67,1979,13.7
67,1980,13.4
67,1981,13.6
67,1982,13.9
67,1983,13.6
67,1984,14.1
67,1985,14.1
67,1986,14.3
67,1987,14.4
67,1988,14.8
67,1989,14.8
67,1990,15.3
67,1991,15.5
67,1992,15.1
67,1993,15.3
67,1994,15.6
67,1995,16.2
67,1996,16.1
67,1997,15.8
67,1998,16.1
67,1999,16.3
67,2000,16.6
67,2001,16.5
67,2002,16.6
67,2003,15.8
67,2004,17.2
67,2005,17.3
67,2006,17.4
67,2007,17.0
67,2008,17.9
67,2009,18.1
67,2010,18.0
67,2011,18.2
67,2012,18.5
67,2013,19.0
67,2014,19.1
67,2015,18.9
67,2016,19.4
67,2017,18.7
67,2018,18.9
67,2019,19.2
67,2020,18.6
67,2021,19.0
67,2022,19.4
67,2023,19.5
68,1971,11.4
68,1972,12.1
68,1973,11.9
68,1974,11.8
68,1975,11.9
68,1976,11.5
68,1977,12.5
68,1978,12.5
68,1979,13.1
68,1980,12.8
68,1981,13.0
68,1982,13.2
68,1983,12.9
68,1984,13.4
68,1985,13.5
68,1986,13.5
68,1987,13.8
68,1988,14.2
68,1989,14.1
68,1990,14.5
68,1991,14.8
68,1992,14.3
68,1993,14.6
68,1994,15.0
68,1995,15.4
68,1996,15.3
68,1997,15.1
68,1998,15.4
68,1999,15.6
68,2000,15.8
68,2001,15.8
68,2002,15.9
68,2003,15.2
68,2004,16.4
68,2005,16.5
68,2006,16.6
68,2007,16.3
68,2008,17.1
68,2009,17.3
68,2010,17.2
68,2011,17.4
68,2012,17.8
68,2013,18.2
68,2014,18.3
68,2015,18.1
68,2016,18.6
68,2017,18.0
68,2018,18.1
68,2019,18.4
68,2020,17.8
68,2021,18.3
68,2022,18.6
68,2023,18.7
69,1971,10.8
69,1972,11.5
69,1973,11.4
69,1974,11.2
69,1975,11.3
69,1976,10.9
69,1977,11.9
69,1978,12.0
69,1979,12.5
69,1980,12.1
69,1981,12.4
69,1982,12.6
69,1983,12.3
69,1984,12.8
69,1985,12.8
69,1986,12.9
69,1987,13.1
69,1988,13.6
69,1989,13.4
69,1990,13.9
69,1991,14.1
69,1992,13.7
69,1993,13.9
69,1994,14.2
69,1995,14.8
69,1996,14.6
69,1997,14.4
69,1998,14.8
69,1999,14.9
69,2000,15.0
69,2001,15.1
69,2002,15.2
69,2003,14.4
69,2004,15.7
69,2005,15.8
69,2006,15.8
69,2007,15.6
69,2008,16.3
69,2009,16.5
69,2010,16.5
69,2011,16.7
69,2012,17.0
69,2013,17.4
69,2014,17.6
69,2015,17.3
69,2016,17.8
69,2017,17.3
69,2018,17.3
69,2019,17.7
69,2020,17.1
69,2021,17.5
69,2022,17.9
69,2023,17.9
70,1971,10.2
70,1972,10.9
70,1973,10.9
70,1974,10.5
70,1975,10.7
70,1976,10.3
70,1977,11.3
70,1978,11.3
70,1979,11.8
70,1980,11.5
70,1981,11.8
70,1982,12.0
70,1983,11.7
70,1984,12.2
70,1985,12.2
70,1986,12.2
70,1987,12.4
70,1988,12.9
70,1989,12.8
70,1990,13.3
70,1991,13.5
70,1992,13.0
70,1993,13.3
70,1994,13.6
70,1995,14.1
70,1996,14.0
70,1997,13.8
70,1998,14.1
70,1999,14.3
70,2000,14.4
70,2001,14.4
70,2002,14.5
70,2003,13.8
70,2004,14.9
70,2005,15.0
70,2006,15.0
70,2007,14.9
70,2008,15.6
70,2009,15.8
70,2010,15.8
70,2011,16.0
70,2012,16.3
70,2013,16.7
70,2014,16.8
70,2015,16.6
70,2016,17.0
70,2017,16.6
70,2018,16.6
70,2019,16.9
70,2020,16.3
70,2021,16.7
70,2022,17.1
70,2023,17.1
71,1971,9.7
71,1972,10.4
71,1973,10.3
71,1974,9.9
71,1975,10.1
71,1976,9.8
71,1977,10.7
71,1978,10.8
71,1979,11.3
71,1980,10.9
71,1981,11.2
71,1982,11.4
71,1983,11.1
71,1984,11.6
71,1985,11.6
71,1986,11.6
71,1987,11.8
71,1988,12.3
71,1989,12.1
71,1990,12.7
71,1991,12.9
71,1992,12.3
71,1993,12.7
71,1994,13.0
71,1995,13.4
71,1996,13.3
71,1997,13.2
71,1998,13.4
71,1999,13.6
71,2000,13.7
71,2001,13.7
71,2002,13.8
71,2003,13.1
71,2004,14.1
71,2005,14.2
71,2006,14.3
71,2007,14.2
71,2008,14.8
71,2009,15.0
71,2010,15.0
71,2011,15.2
71,2012,15.5
71,2013,16.0
71,2014,16.0
71,2015,15.8
71,2016,16.3
71,2017,15.8
71,2018,15.9
71,2019,16.1
71,2020,15.5
71,2021,16.0
71,2022,16.3
71,2023,16.3
72,1971,9.1
72,1972,9.9
72,1973,9.8
72,1974,9.5
72,1975,9.6
72,1976,9.3
72,1977,10.1
72,1978,10.1
72,1979,10.7
72,1980,10.3
72,1981,10.6
72,1982,10.8
72,1983,10.5
72,1984,11.0
72,1985,11.0
72,1986,11.0
72,1987,11.2
72,1988,11.7
72,1989,11.4
72,1990,12.1
72,1991,12.1
72,1992,11.6
72,1993,12.0
72,1994,12.3
72,1995,12.8
72,1996,12.6
72,1997,12.5
72,1998,12.8
72,1999,13.0
72,2000,13.0
72,2001,13.0
72,2002,13.1
72,2003,12.5
72,2004,13.4
72,2005,13.5
72,2006,13.6
72,2007,13.4
72,2008,14.1
72,2009,14.3
72,2010,14.3
72,2011,14.5
72,2012,14.7
72,2013,15.2
72,2014,15.3
72,2015,15.1
72,2016,15.6
72,2017,15.1
72,2018,15.2
72,2019,15.4
72,2020,14.8
72,2021,15.3
72,2022,15.5
72,2023,15.6
73,1971,8.7
73,1972,9.4
73,1973,9.3
73,1974,9.0
73,1975,9.1
73,1976,8.8
73,1977,9.6
73,1978,9.5
73,1979,10.2
73,1980,9.8
73,1981,10.0
73,1982,10.2
73,1983,9.9
73,1984,10.4
73,1985,10.4
73,1986,10.4
73,1987,10.5
73,1988,11.1
73,1989,10.8
73,1990,11.6
73,1991,11.6
73,1992,11.0
73,1993,11.3
73,1994,11.7
73,1995,12.2
73,1996,11.9
73,1997,11.9
73,1998,12.1
73,1999,12.3
73,2000,12.4
73,2001,12.3
73,2002,12.5
73,2003,11.8
73,2004,12.7
73,2005,12.9
73,2006,12.9
73,2007,12.8
73,2008,13.5
73,2009,13.6
73,2010,13.6
73,2011,13.9
73,2012,14.0
73,2013,14.5
73,2014,14.6
73,2015,14.3
73,2016,14.8
73,2017,14.5
73,2018,14.4
73,2019,14.6
73,2020,14.1
73,2021,14.5
73,2022,14.8
73,2023,14.8
74,1971,8.2
74,1972,8.9
74,1973,8.8
74,1974,8.5
74,1975,8.6
74,1976,8.3
74,1977,9.1
74,1978,9.1
74,1979,9.6
74,1980,9.3
74,1981,9.5
74,1982,9.6
74,1983,9.3
74,1984,9.8
74,1985,9.9
74,1986,9.8
74,1987,10.0
74,1988,10.5
74,1989,10.3
74,1990,11.0
74,1991,10.9
74,1992,10.4
74,1993,10.8
74,1994,11.0
74,1995,11.5
74,1996,11.3
74,1997,11.3
74,1998,11.6
74,1999,11.7
74,2000,11.8
74,2001,11.7
74,2002,11.8
74,2003,11.1
74,2004,12.1
74,2005,12.2
74,2006,12.2
74,2007,12.1
74,2008,12.7
74,2009,12.9
74,2010,12.9
74,2011,13.2
74,2012,13.4
74,2013,13.7
74,2014,13.9
74,2015,13.7
74,2016,14.1
74,2017,13.8
74,2018,13.7
74,2019,13.9
74,2020,13.3
74,2021,13.8
74,2022,14.0
74,2023,14.1
75,1971,7.7
75,1972,8.4
75,1973,8.3
75,1974,8.1
75,1975,8.2
75,1976,7.8
75,1977,8.7
75,1978,8.6
75,1979,9.2
75,1980,8.8
75,1981,8.8
75,1982,9.2
75,1983,8.8
75,1984,9.4
75,1985,9.4
75,1986,9.2
75,1987,9.4
75,1988,10.0
75,1989,9.7
75,1990,10.4
75,1991,10.5
75,1992,9.9
75,1993,10.2
75,1994,10.5
75,1995,10.9
75,1996,10.7
75,1997,10.7
75,1998,10.9
75,1999,11.1
75,2000,11.2
75,2001,11.1
75,2002,11.3
75,2003,10.5
75,2004,11.4
75,2005,11.6
75,2006,11.6
75,2007,11.4
75,2008,12.0
75,2009,12.2
75,2010,12.2
75,2011,12.4
75,2012,12.6
75,2013,13.1
75,2014,13.2
75,2015,13.0
75,2016,13.5
75,2017,13.2
75,2018,13.0
75,2019,13.2
75,2020,12.6
75,2021,13.1
75,2022,13.3
75,2023,13.4
76,1971,7.2
76,1972,7.9
76,1973,7.8
76,1974,7.6
76,1975,7.7
76,1976,7.4
76,1977,8.3
76,1978,8.2
76,1979,8.8
76,1980,8.4
76,1981,8.3
76,1982,8.7
76,1983,8.3
76,1984,8.8
76,1985,8.9
76,1986,8.8
76,1987,8.9
76,1988,9.5
76,1989,9.1
76,1990,9.8
76,1991,9.9
76,1992,9.4
76,1993,9.5
76,1994,10.0
76,1995,10.5
76,1996,10.1
76,1997,10.2
76,1998,10.3
76,1999,10.6
76,2000,10.5
76,2001,10.5
76,2002,10.7
76,2003,9.9
76,2004,10.8
76,2005,10.9
76,2006,10.9
76,2007,10.8
76,2008,11.3
76,2009,11.5
76,2010,11.6
76,2011,11.8
76,2012,12.0
76,2013,12.4
76,2014,12.6
76,2015,12.3
76,2016,12.8
76,2017,12.5
76,2018,12.4
76,2019,12.5
76,2020,11.9
76,2021,12.3
76,2022,12.6
76,2023,12.7
77,1971,6.8
77,1972,7.4
77,1973,7.3
77,1974,7.2
77,1975,7.3
77,1976,7.0
77,1977,7.9
77,1978,7.8
77,1979,8.4
77,1980,7.9
77,1981,7.8
77,1982,8.2
77,1983,7.9
77,1984,8.3
77,1985,8.4
77,1986,8.2
77,1987,8.4
77,1988,9.1
77,1989,8.6
77,1990,9.3
77,1991,9.3
77,1992,8.9
77,1993,9.0
77,1994,9.3
77,1995,10.0
77,1996,9.6
77,1997,9.5
77,1998,9.7
77,1999,10.0
77,2000,9.9
77,2001,9.8
77,2002,10.0
77,2003,9.3
77,2004,10.2
77,2005,10.3
77,2006,10.2
77,2007,10.2
77,2008,10.7
77,2009,11.0
77,2010,10.9
77,2011,11.1
77,2012,11.3
77,2013,11.7
77,2014,12.0
77,2015,11.7
77,2016,12.1
77,2017,11.9
77,2018,11.7
77,2019,11.8
77,2020,11.2
77,2021,11.6
77,2022,11.9
77,2023,12.0
78,1971,6.4
78,1972,7.1
78,1973,6.9
78,1974,6.9
78,1975,6.9
78,1976,6.6
78,1977,7.4
78,1978,7.4
78,1979,8.0
78,1980,7.4
78,1981,7.4
78,1982,7.8
78,1983,7.4
78,1984,7.9
78,1985,7.9
78,1986,7.7
78,1987,7.9
78,1988,8.6
78,1989,8.1
78,1990,8.7
78,1991,8.7
78,1992,8.4
78,1993,8.5
78,1994,8.8
78,1995,9.3
78,1996,9.1
78,1997,9.0
78,1998,9.1
78,1999,9.4
78,2000,9.3
78,2001,9.3
78,2002,9.5
78,2003,8.7
78,2004,9.6
78,2005,9.7
78,2006,9.6
78,2007,9.6
78,2008,10.1
78,2009,10.3
78,2010,10.3
78,2011,10.5
78,2012,10.6
78,2013,11.0
78,2014,11.3
78,2015,11.1
78,2016,11.4
78,2017,11.3
78,2018,11.0
78,2019,11.1
78,2020,10.6
78,2021,11.0
78,2022,11.1
78,2023,11.3
79,1971,6.0
79,1972,6.6
79,1973,6.5
79,1974,6.5
79,1975,6.5
79,1976,6.2
79,1977,7.0
79,1978,7.0
79,1979,7.6
79,1980,6.9
79,1981,7.0
79,1982,7.4
79,1983,7.0
79,1984,7.5
79,1985,7.5
79,1986,7.2
79,1987,7.3
79,1988,8.3
79,1989,7.7
79,1990,8.2
79,1991,8.2
79,1992,8.0
79,1993,8.1
79,1994,8.4
79,1995,8.8
79,1996,8.7
79,1997,8.6
79,1998,8.6
79,1999,8.9
79,2000,8.8
79,2001,8.7
79,2002,9.0
79,2003,8.2
79,2004,9.1
79,2005,9.1
79,2006,9.1
79,2007,9.0
79,2008,9.5
79,2009,9.7
79,2010,9.7
79,2011,9.8
79,2012,10.0
79,2013,10.4
79,2014,10.6
79,2015,10.5
79,2016,10.7
79,2017,10.7
79,2018,10.4
79,2019,10.5
79,2020,9.9
79,2021,10.4
79,2022,10.5
79,2023,10.7
80,1971,5.6
80,1972,6.3
80,1973,6.0
80,1974,6.1
80,1975,6.2
80,1976,5.9
80,1977,6.7
80,1978,6.6
80,1979,7.3
80,1980,6.5
80,1981,6.6
80,1982,7.0
80,1983,6.7
80,1984,7.1
80,1985,7.1
80,1986,6.8
80,1987,6.9
80,1988,7.8
80,1989,7.2
80,1990,7.7
80,1991,7.7
80,1992,7.4
80,1993,7.6
80,1994,7.9
80,1995,8.3
80,1996,8.1
80,1997,8.1
80,1998,8.1
80,1999,8.5
80,2000,8.2
80,2001,8.2
80,2002,8.5
80,2003,7.6
80,2004,8.4
80,2005,8.6
80,2006,8.6
80,2007,8.4
80,2008,8.9
80,2009,9.1
80,2010,9.0
80,2011,9.2
80,2012,9.3
80,2013,9.8
80,2014,10.1
80,2015,9.8
80,2016,10.1
80,2017,10.0
80,2018,9.8
80,2019,9.9
80,2020,9.3
80,2021,9.8
80,2022,9.8
80,2023,10.1
81,1971,5.3
81,1972,5.8
81,1973,5.7
81,1974,5.8
81,1975,5.9
81,1976,5.5
81,1977,6.3
81,1978,6.2
81,1979,6.9
81,1980,6.2
81,1981,6.3
81,1982,6.8
81,1983,6.4
81,1984,6.8
81,1985,6.8
81,1986,6.5
81,1987,6.6
81,1988,7.5
81,1989,6.9
81,1990,7.2
81,1991,7.3
81,1992,7.0
81,1993,7.3
81,1994,7.5
81,1995,7.9
81,1996,7.7
81,1997,7.7
81,1998,7.6
81,1999,8.1
81,2000,7.9
81,2001,7.6
81,2002,8.0
81,2003,7.0
81,2004,7.8
81,2005,8.0
81,2006,8.0
81,2007,7.9
81,2008,8.4
81,2009,8.5
81,2010,8.4
81,2011,8.7
81,2012,8.7
81,2013,9.2
81,2014,9.5
81,2015,9.3
81,2016,9.4
81,2017,9.4
81,2018,9.1
81,2019,9.3
81,2020,8.7
81,2021,9.2
81,2022,9.2
81,2023,9.4
82,1971,5.0
82,1972,5.5
82,1973,5.4
82,1974,5.5
82,1975,5.7
82,1976,5.1
82,1977,6.0
82,1978,6.0
82,1979,6.7
82,1980,6.1
82,1981,6.1
82,1982,6.8
82,1983,6.1
82,1984,6.6
82,1985,6.4
82,1986,6.2
82,1987,6.3
82,1988,7.1
82,1989,6.6
82,1990,6.8
82,1991,6.8
82,1992,6.5
82,1993,6.9
82,1994,7.1
82,1995,7.4
82,1996,7.1
82,1997,7.2
82,1998,7.3
82,1999,7.6
82,2000,7.4
82,2001,7.2
82,2002,7.5
82,2003,6.5
82,2004,7.2
82,2005,7.4
82,2006,7.4
82,2007,7.4
82,2008,7.8
82,2009,7.9
82,2010,7.9
82,2011,8.1
82,2012,8.2
82,2013,8.6
82,2014,9.0
82,2015,8.8
82,2016,8.8
82,2017,8.8
82,2018,8.5
82,2019,8.7
82,2020,8.2
82,2021,8.5
82,2022,8.7
82,2023,8.9
83,1971,4.8
83,1972,5.2
83,1973,5.0
83,1974,5.2
83,1975,5.3
83,1976,4.9
83,1977,5.7
83,1978,5.7
83,1979,6.5
83,1980,6.0
83,1981,5.9
83,1982,6.5
83,1983,5.9
83,1984,6.4
83,1985,6.2
83,1986,5.9
83,1987,5.9
83,1988,6.9
83,1989,6.3
83,1990,6.5
83,1991,6.4
83,1992,6.1
83,1993,6.5
83,1994,6.7
83,1995,7.0
83,1996,6.8
83,1997,6.8
83,1998,6.9
83,1999,7.2
83,2000,7.1
83,2001,6.8
83,2002,7.1
83,2003,6.1
83,2004,6.8
83,2005,6.9
83,2006,6.9
83,2007,6.9
83,2008,7.3
83,2009,7.5
83,2010,7.5
83,2011,7.6
83,2012,7.7
83,2013,8.2
83,2014,8.5
83,2015,8.2
83,2016,8.3
83,2017,8.3
83,2018,8.0
83,2019,8.1
83,2020,7.6
83,2021,8.0
83,2022,8.1
83,2023,8.3
84,1971,4.6
84,1972,5.0
84,1973,4.7
84,1974,4.9
84,1975,5.0
84,1976,4.5
84,1977,5.5
84,1978,5.6
84,1979,6.5
84,1980,5.8
84,1981,5.7
84,1982,6.2
84,1983,5.8
84,1984,6.2
84,1985,6.1
84,1986,5.5
84,1987,5.7
84,1988,6.7
84,1989,6.0
84,1990,6.2
84,1991,6.0
84,1992,5.8
84,1993,6.2
84,1994,6.2
84,1995,6.7
84,1996,6.3
84,1997,6.4
84,1998,6.5
84,1999,6.8
84,2000,6.7
84,2001,6.3
84,2002,6.6
84,2003,5.6
84,2004,6.3
84,2005,6.4
84,2006,6.4
84,2007,6.5
84,2008,6.9
84,2009,7.1
84,2010,7.0
84,2011,7.2
84,2012,7.2
84,2013,7.8
84,2014,8.0
84,2015,7.6
84,2016,7.8
84,2017,7.7
84,2018,7.6
84,2019,7.6
84,2020,7.1
84,2021,7.5
84,2022,7.6
84,2023,7.7
85,1971,4.3
85,1972,4.8
85,1973,4.5
85,1974,4.7
85,1975,4.9
85,1976,4.3
85,1977,5.3
85,1978,5.4
85,1979,6.4
85,1980,5.9
85,1981,5.4
85,1982,6.1
85,1983,5.6
85,1984,6.0
85,1985,5.8
85,1986,5.4
85,1987,5.4
85,1988,6.3
85,1989,5.6
85,1990,5.9
85,1991,5.7
85,1992,5.5
85,1993,5.8
85,1994,5.9
85,1995,6.4
85,1996,6.0
85,1997,6.1
85,1998,6.2
85,1999,6.4
85,2000,6.3
85,2001,5.9
85,2002,6.1
85,2003,5.1
85,2004,5.9
85,2005,6.0
85,2006,5.9
85,2007,6.0
85,2008,6.4
85,2009,6.7
85,2010,6.6
85,2011,6.8
85,2012,6.8
85,2013,7.3
85,2014,7.5
85,2015,7.2
85,2016,7.4
85,2017,7.3
85,2018,7.2
85,2019,7.1
85,2020,6.6
85,2021,7.0
85,2022,7.1
85,2023,7.2
