Age,Year,Population
1,1960,4867.0
1,1961,4895.6
1,1965,5098.4
1,1967,5172.0
1,1970,4738.2
1,1971,4706.4
1,1972,4601.0
1,1973,4451.8
1,1974,4264.4
1,1975,4167.6
1,1976,4087.2
1,1977,3960.6
1,1978,3924.6
1,1979,3950.4
1,1980,4070.2
1,1981,4123.8
1,1982,4231.2
1,1983,4252.2
1,1984,4257.2
1,1985,4240.4
1,1986,4218.4
1,1987,4222.2
1,1988,4258.2
1,1989,4391.2
1,1990,4540.4
1,1991,4785.6
1,1992,4937.6
1,1993,5128.2
1,1994,5270.4
1,1995,5433.2
1,1996,5496.0
1,1997,5627.0
1,1998,5688.4
1,1999,5683.8
1,2000,5692.0
1,2001,5681.0
1,2002,5642.8
1,2003,5587.2
1,2004,5606.4
1,2005,5584.8
1,2006,5546.2
1,2007,5584.0
1,2008,5612.2
1,2009,5702.2
1,2010,5730.4
1,2011,5863.6
1,2012,5912.2
1,2013,6053.0
1,2014,6214.8
1,2015,6336.8
1,2016,6405.2
1,2017,6412.6
1,2018,6451.4
1,2019,6518.4
1,2020,6596.4
1,2021,6651.0
1,2022,6745.0
1,2023,6814.2
1,2024,6784.6
2,1960,4867.0
2,1961,4895.6
2,1965,5098.4
2,1967,5172.0
2,1970,4738.2
2,1971,4706.4
2,1972,4601.0
2,1973,4451.8
2,1974,4264.4
2,1975,4167.6
2,1976,4087.2
2,1977,3960.6
2,1978,3924.6
2,1979,3950.4
2,1980,4070.2
2,1981,4123.8
2,1982,4231.2
2,1983,4252.2
2,1984,4257.2
2,1985,4240.4
2,1986,4218.4
2,1987,4222.2
2,1988,4258.2
2,1989,4391.2
2,1990,4540.4
2,1991,4785.6
2,1992,4937.6
2,1993,5128.2
2,1994,5270.4
2,1995,5433.2
2,1996,5496.0
2,1997,5627.0
2,1998,5688.4
2,1999,5683.8
2,2000,5692.0
2,2001,5681.0
2,2002,5642.8
2,2003,5587.2
2,2004,5606.4
2,2005,5584.8
2,2006,5546.2
2,2007,5584.0
2,2008,5612.2
2,2009,5702.2
2,2010,5730.4
2,2011,5863.6
2,2012,5912.2
2,2013,6053.0
2,2014,6214.8
2,2015,6336.8
2,2016,6405.2
2,2017,6412.6
2,2018,6451.4
2,2019,6518.4
2,2020,6596.4
2,2021,6651.0
2,2022,6745.0
2,2023,6814.2
2,2024,6784.6
3,1960,4867.0
3,1961,4895.6
3,1965,5098.4
3,1967,5172.0
3,1970,4738.2
3,1971,4706.4
3,1972,4601.0
3,1973,4451.8
3,1974,4264.4
3,1975,4167.6
3,1976,4087.2
3,1977,3960.6
3,1978,3924.6
3,1979,3950.4
3,1980,4070.2
3,1981,4123.8
3,1982,4231.2
3,1983,4252.2
3,1984,4257.2
3,1985,4240.4
3,1986,4218.4
3,1987,4222.2
3,1988,4258.2
3,1989,4391.2
3,1990,4540.4
3,1991,4785.6
3,1992,4937.6
3,1993,5128.2
3,1994,5270.4
3,1995,5433.2
3,1996,5496.0
3,1997,5627.0
3,1998,5688.4
3,1999,5683.8
3,2000,5692.0
3,2001,5681.0
3,2002,5642.8
3,2003,5587.2
3,2004,5606.4
3,2005,5584.8
3,2006,5546.2
3,2007,5584.0
3,2008,5612.2
3,2009,5702.2
3,2010,5730.4
3,2011,5863.6
3,2012,5912.2
3,2013,6053.0
3,2014,6214.8
3,2015,6336.8
3,2016,6405.2
3,2017,6412.6
3,2018,6451.4
3,2019,6518.4
3,2020,6596.4
3,2021,6651.0
3,2022,6745.0
3,2023,6814.2
3,2024,6784.6
4,1960,4867.0
4,1961,4895.6
4,1965,5098.4
4,1967,5172.0
4,1970,4738.2
4,1971,4706.4
4,1972,4601.0
4,1973,4451.8
4,1974,4264.4
4,1975,4167.6
4,1976,4087.2
4,1977,3960.6
4,1978,3924.6
4,1979,3950.4
4,1980,4070.2
4,1981,4123.8
4,1982,4231.2
4,1983,4252.2
4,1984,4257.2
4,1985,4240.4
4,1986,4218.4
4,1987,4222.2
4,1988,4258.2
4,1989,4391.2
4,1990,4540.4
4,1991,4785.6
4,1992,4937.6
4,1993,5128.2
4,1994,5270.4
4,1995,5433.2
4,1996,5496.0
4,1997,5627.0
4,1998,5688.4
4,1999,5683.8
4,2000,5692.0
4,2001,5681.0
4,2002,5642.8
4,2003,5587.2
4,2004,5606.4
4,2005,5584.8
4,2006,5546.2
4,2007,5584.0
4,2008,5612.2
4,2009,5702.2
4,2010,5730.4
4,2011,5863.6
4,2012,5912.2
4,2013,6053.0
4,2014,6214.8
4,2015,6336.8
4,2016,6405.2
4,2017,6412.6
4,2018,6451.4
4,2019,6518.4
4,2020,6596.4
4,2021,6651.0
4,2022,6745.0
4,2023,6814.2
4,2024,6784.6
5,1960,4867.0
5,1961,4895.6
5,1965,5098.4
5,1967,5172.0
5,1970,4738.2
5,1971,4706.4
5,1972,4601.0
5,1973,4451.8
5,1974,4264.4
5,1975,4167.6
5,1976,4087.2
5,1977,3960.6
5,1978,3924.6
5,1979,3950.4
5,1980,4070.2
5,1981,4123.8
5,1982,4231.2
5,1983,4252.2
5,1984,4257.2
5,1985,4240.4
5,1986,4218.4
5,1987,4222.2
5,1988,4258.2
5,1989,4391.2
5,1990,4540.4
5,1991,4785.6
5,1992,4937.6
5,1993,5128.2
5,1994,5270.4
5,1995,5433.2
5,1996,5496.0
5,1997,5627.0
5,1998,5688.4
5,1999,5683.8
5,2000,5692.0
5,2001,5681.0
5,2002,5642.8
5,2003,5587.2
5,2004,5606.4
5,2005,5584.8
5,2006,5546.2
5,2007,5584.0
5,2008,5612.2
5,2009,5702.2
5,2010,5730.4
5,2011,5863.6
5,2012,5912.2
5,2013,6053.0
5,2014,6214.8
5,2015,6336.8
5,2016,6405.2
5,2017,6412.6
5,2018,6451.4
5,2019,6518.4
5,2020,6596.4
5,2021,6651.0
5,2022,6745.0
5,2023,6814.2
5,2024,6784.6
6,1960,4473.2
6,1961,4499.4
6,1965,5045.4
6,1967,5118.4
6,1970,5188.6
6,1971,5197.2
6,1972,5193.2
6,1973,5173.4
6,1974,5128.8
6,1975,4995.4
6,1976,4862.2
6,1977,4740.4
6,1978,4542.0
6,1979,4331.2
6,1980,4442.8
6,1981,4298.2
6,1982,4137.4
6,1983,4076.4
6,1984,4056.8
6,1985,4087.6
6,1986,4113.4
6,1987,4204.4
6,1988,4260.8
6,1989,4320.0
6,1990,4364.0
6,1991,4389.2
6,1992,4462.8
6,1993,4556.2
6,1994,4718.2
6,1995,4865.2
6,1996,5110.6
6,1997,5199.0
6,1998,5360.4
6,1999,5507.6
6,2000,5689.2
6,2001,5655.2
6,2002,5771.4
6,2003,5803.0
6,2004,5813.2
6,2005,5840.4
6,2006,5915.8
6,2007,5889.2
6,2008,5881.8
6,2009,5937.2
6,2010,5968.4
6,2011,5931.0
6,2012,5879.4
6,2013,5986.0
6,2014,6078.8
6,2015,6175.0
6,2016,6360.4
6,2017,6451.0
6,2018,6556.8
6,2019,6671.0
6,2020,6798.8
6,2021,6851.8
6,2022,6954.2
6,2023,7111.8
6,2024,7185.6
7,1960,4473.2
7,1961,4499.4
7,1965,5045.4
7,1967,5118.4
7,1970,5188.6
7,1971,5197.2
7,1972,5193.2
7,1973,5173.4
7,1974,5128.8
7,1975,4995.4
7,1976,4862.2
7,1977,4740.4
7,1978,4542.0
7,1979,4331.2
7,1980,4442.8
7,1981,4298.2
7,1982,4137.4
7,1983,4076.4
7,1984,4056.8
7,1985,4087.6
7,1986,4113.4
7,1987,4204.4
7,1988,4260.8
7,1989,4320.0
7,1990,4364.0
7,1991,4389.2
7,1992,4462.8
7,1993,4556.2
7,1994,4718.2
7,1995,4865.2
7,1996,5110.6
7,1997,5199.0
7,1998,5360.4
7,1999,5507.6
7,2000,5689.2
7,2001,5655.2
7,2002,5771.4
7,2003,5803.0
7,2004,5813.2
7,2005,5840.4
7,2006,5915.8
7,2007,5889.2
7,2008,5881.8
7,2009,5937.2
7,2010,5968.4
7,2011,5931.0
7,2012,5879.4
7,2013,5986.0
7,2014,6078.8
7,2015,6175.0
7,2016,6360.4
7,2017,6451.0
7,2018,6556.8
7,2019,6671.0
7,2020,6798.8
7,2021,6851.8
7,2022,6954.2
7,2023,7111.8
7,2024,7185.6
8,1960,4473.2
8,1961,4499.4
8,1965,5045.4
8,1967,5118.4
8,1970,5188.6
8,1971,5197.2
8,1972,5193.2
8,1973,5173.4
8,1974,5128.8
8,1975,4995.4
8,1976,4862.2
8,1977,4740.4
8,1978,4542.0
8,1979,4331.2
8,1980,4442.8
8,1981,4298.2
8,1982,4137.4
8,1983,4076.4
8,1984,4056.8
8,1985,4087.6
8,1986,4113.4
8,1987,4204.4
8,1988,4260.8
8,1989,4320.0
8,1990,4364.0
8,1991,4389.2
8,1992,4462.8
8,1993,4556.2
8,1994,4718.2
8,1995,4865.2
8,1996,5110.6
8,1997,5199.0
8,1998,5360.4
8,1999,5507.6
8,2000,5689.2
8,2001,5655.2
8,2002,5771.4
8,2003,5803.0
8,2004,5813.2
8,2005,5840.4
8,2006,5915.8
8,2007,5889.2
8,2008,5881.8
8,2009,5937.2
8,2010,5968.4
8,2011,5931.0
8,2012,5879.4
8,2013,5986.0
8,2014,6078.8
8,2015,6175.0
8,2016,6360.4
8,2017,6451.0
8,2018,6556.8
8,2019,6671.0
8,2020,6798.8
8,2021,6851.8
8,2022,6954.2
8,2023,7111.8
8,2024,7185.6
9,1960,4473.2
9,1961,4499.4
9,1965,5045.4
9,1967,5118.4
9,1970,5188.6
9,1971,5197.2
9,1972,5193.2
9,1973,5173.4
9,1974,5128.8
9,1975,4995.4
9,1976,4862.2
9,1977,4740.4
9,1978,4542.0
9,1979,4331.2
9,1980,4442.8
9,1981,4298.2
9,1982,4137.4
9,1983,4076.4
9,1984,4056.8
9,1985,4087.6
9,1986,4113.4
9,1987,4204.4
9,1988,4260.8
9,1989,4320.0
9,1990,4364.0
9,1991,4389.2
9,1992,4462.8
9,1993,4556.2
9,1994,4718.2
9,1995,4865.2
9,1996,5110.6
9,1997,5199.0
9,1998,5360.4
9,1999,5507.6
9,2000,5689.2
9,2001,5655.2
9,2002,5771.4
9,2003,5803.0
9,2004,5813.2
9,2005,5840.4
9,2006,5915.8
9,2007,5889.2
9,2008,5881.8
9,2009,5937.2
9,2010,5968.4
9,2011,5931.0
9,2012,5879.4
9,2013,5986.0
9,2014,6078.8
9,2015,6175.0
9,2016,6360.4
9,2017,6451.0
9,2018,6556.8
9,2019,6671.0
9,2020,6798.8
9,2021,6851.8
9,2022,6954.2
9,2023,7111.8
9,2024,7185.6
10,1960,4473.2
10,1961,4499.4
10,1965,5045.4
10,1967,5118.4
10,1970,5188.6
10,1971,5197.2
10,1972,5193.2
10,1973,5173.4
10,1974,5128.8
10,1975,4995.4
10,1976,4862.2
10,1977,4740.4
10,1978,4542.0
10,1979,4331.2
10,1980,4442.8
10,1981,4298.2
10,1982,4137.4
10,1983,4076.4
10,1984,4056.8
10,1985,4087.6
10,1986,4113.4
10,1987,4204.4
10,1988,4260.8
10,1989,4320.0
10,1990,4364.0
10,1991,4389.2
10,1992,4462.8
10,1993,4556.2
10,1994,4718.2
10,1995,4865.2
10,1996,5110.6
10,1997,5199.0
10,1998,5360.4
10,1999,5507.6
10,2000,5689.2
10,2001,5655.2
10,2002,5771.4
10,2003,5803.0
10,2004,5813.2
10,2005,5840.4
10,2006,5915.8
10,2007,5889.2
10,2008,5881.8
10,2009,5937.2
10,2010,5968.4
10,2011,5931.0
10,2012,5879.4
10,2013,5986.0
10,2014,6078.8
10,2015,6175.0
10,2016,6360.4
10,2017,6451.0
10,2018,6556.8
10,2019,6671.0
10,2020,6798.8
10,2021,6851.8
10,2022,6954.2
10,2023,7111.8
10,2024,7185.6
11,1960,4032.4
11,1961,4056.2
11,1965,4731.2
11,1967,4799.6
11,1970,5060.2
11,1971,5129.8
11,1972,5193.0
11,1973,5216.8
11,1974,5266.4
11,1975,5277.4
11,1976,5302.2
11,1977,5291.2
11,1978,5233.0
11,1979,5146.4
11,1980,5264.4
11,1981,5135.0
11,1982,5002.6
11,1983,4795.0
11,1984,4557.4
11,1985,4362.2
11,1986,4206.8
11,1987,4080.6
11,1988,4052.2
11,1989,4095.6
11,1990,4175.6
11,1991,4250.6
11,1992,4366.6
11,1993,4450.8
11,1994,4530.6
11,1995,4582.4
11,1996,4603.8
11,1997,4665.6
11,1998,4746.6
11,1999,4895.0
11,2000,5036.4
11,2001,5287.6
11,2002,5376.0
11,2003,5501.0
11,2004,5612.8
11,2005,5741.0
11,2006,5839.8
11,2007,5981.4
11,2008,6069.8
11,2009,6079.2
11,2010,6123.4
11,2011,6214.0
11,2012,6203.4
11,2013,6207.6
11,2014,6217.2
11,2015,6237.6
11,2016,6212.6
11,2017,6321.0
11,2018,6416.2
11,2019,6532.0
11,2020,6620.2
11,2021,6776.2
11,2022,6835.4
11,2023,7037.0
11,2024,7179.2
12,1960,4032.4
12,1961,4056.2
12,1965,4731.2
12,1967,4799.6
12,1970,5060.2
12,1971,5129.8
12,1972,5193.0
12,1973,5216.8
12,1974,5266.4
12,1975,5277.4
12,1976,5302.2
12,1977,5291.2
12,1978,5233.0
12,1979,5146.4
12,1980,5264.4
12,1981,5135.0
12,1982,5002.6
12,1983,4795.0
12,1984,4557.4
12,1985,4362.2
12,1986,4206.8
12,1987,4080.6
12,1988,4052.2
12,1989,4095.6
12,1990,4175.6
12,1991,4250.6
12,1992,4366.6
12,1993,4450.8
12,1994,4530.6
12,1995,4582.4
12,1996,4603.8
12,1997,4665.6
12,1998,4746.6
12,1999,4895.0
12,2000,5036.4
12,2001,5287.6
12,2002,5376.0
12,2003,5501.0
12,2004,5612.8
12,2005,5741.0
12,2006,5839.8
12,2007,5981.4
12,2008,6069.8
12,2009,6079.2
12,2010,6123.4
12,2011,6214.0
12,2012,6203.4
12,2013,6207.6
12,2014,6217.2
12,2015,6237.6
12,2016,6212.6
12,2017,6321.0
12,2018,6416.2
12,2019,6532.0
12,2020,6620.2
12,2021,6776.2
12,2022,6835.4
12,2023,7037.0
12,2024,7179.2
13,1960,4032.4
13,1961,4056.2
13,1965,4731.2
13,1967,4799.6
13,1970,5060.2
13,1971,5129.8
13,1972,5193.0
13,1973,5216.8
13,1974,5266.4
13,1975,5277.4
13,1976,5302.2
13,1977,5291.2
13,1978,5233.0
13,1979,5146.4
13,1980,5264.4
13,1981,5135.0
13,1982,5002.6
13,1983,4795.0
13,1984,4557.4
13,1985,4362.2
13,1986,4206.8
13,1987,4080.6
13,1988,4052.2
13,1989,4095.6
13,1990,4175.6
13,1991,4250.6
13,1992,4366.6
13,1993,4450.8
13,1994,4530.6
13,1995,4582.4
13,1996,4603.8
13,1997,4665.6
13,1998,4746.6
13,1999,4895.0
13,2000,5036.4
13,2001,5287.6
13,2002,5376.0
13,2003,5501.0
13,2004,5612.8
13,2005,5741.0
13,2006,5839.8
13,2007,5981.4
13,2008,6069.8
13,2009,6079.2
13,2010,6123.4
13,2011,6214.0
13,2012,6203.4
13,2013,6207.6
13,2014,6217.2
13,2015,6237.6
13,2016,6212.6
13,2017,6321.0
13,2018,6416.2
13,2019,6532.0
13,2020,6620.2
13,2021,6776.2
13,2022,6835.4
13,2023,7037.0
13,2024,7179.2
14,1960,4032.4
14,1961,4056.2
14,1965,4731.2
14,1967,4799.6
14,1970,5060.2
14,1971,5129.8
14,1972,5193.0
14,1973,5216.8
14,1974,5266.4
14,1975,5277.4
14,1976,5302.2
14,1977,5291.2
14,1978,5233.0
14,1979,5146.4
14,1980,5264.4
14,1981,5135.0
14,1982,5002.6
14,1983,4795.0
14,1984,4557.4
14,1985,4362.2
14,1986,4206.8
14,1987,4080.6
14,1988,4052.2
14,1989,4095.6
14,1990,4175.6
14,1991,4250.6
14,1992,4366.6
14,1993,4450.8
14,1994,4530.6
14,1995,4582.4
14,1996,4603.8
14,1997,4665.6
14,1998,4746.6
14,1999,4895.0
14,2000,5036.4
14,2001,5287.6
14,2002,5376.0
14,2003,5501.0
14,2004,5612.8
14,2005,5741.0
14,2006,5839.8
14,2007,5981.4
14,2008,6069.8
14,2009,6079.2
14,2010,6123.4
14,2011,6214.0
14,2012,6203.4
14,2013,6207.6
14,2014,6217.2
14,2015,6237.6
14,2016,6212.6
14,2017,6321.0
14,2018,6416.2
14,2019,6532.0
14,2020,6620.2
14,2021,6776.2
14,2022,6835.4
14,2023,7037.0
14,2024,7179.2
15,1960,4032.4
15,1961,4056.2
15,1965,4731.2
15,1967,4799.6
15,1970,5060.2
15,1971,5129.8
15,1972,5193.0
15,1973,5216.8
15,1974,5266.4
15,1975,5277.4
15,1976,5302.2
15,1977,5291.2
15,1978,5233.0
15,1979,5146.4
15,1980,5264.4
15,1981,5135.0
15,1982,5002.6
15,1983,4795.0
15,1984,4557.4
15,1985,4362.2
15,1986,4206.8
15,1987,4080.6
15,1988,4052.2
15,1989,4095.6
15,1990,4175.6
15,1991,4250.6
15,1992,4366.6
15,1993,4450.8
15,1994,4530.6
15,1995,4582.4
15,1996,4603.8
15,1997,4665.6
15,1998,4746.6
15,1999,4895.0
15,2000,5036.4
15,2001,5287.6
15,2002,5376.0
15,2003,5501.0
15,2004,5612.8
15,2005,5741.0
15,2006,5839.8
15,2007,5981.4
15,2008,6069.8
15,2009,6079.2
15,2010,6123.4
15,2011,6214.0
15,2012,6203.4
15,2013,6207.6
15,2014,6217.2
15,2015,6237.6
15,2016,6212.6
15,2017,6321.0
15,2018,6416.2
15,2019,6532.0
15,2020,6620.2
15,2021,6776.2
15,2022,6835.4
15,2023,7037.0
15,2024,7179.2
16,1960,3934.0
16,1961,3957.0
16,1965,4413.6
16,1967,4477.4
16,1970,4861.0
16,1971,4911.4
16,1972,5151.2
16,1973,5264.0
16,1974,5342.0
16,1975,5421.4
16,1976,5471.2
16,1977,5488.4
16,1978,5491.6
16,1979,5456.8
16,1980,5558.4
16,1981,5609.0
16,1982,5584.4
16,1983,5536.6
16,1984,5416.4
16,1985,5272.0
16,1986,5122.6
16,1987,4988.0
16,1988,4813.6
16,1989,4613.4
16,1990,4489.0
16,1991,4398.8
16,1992,4304.6
16,1993,4284.0
16,1994,4327.8
16,1995,4412.0
16,1996,4488.6
16,1997,4590.2
16,1998,4648.8
16,1999,4713.0
16,2000,4761.8
16,2001,4955.8
16,2002,4977.0
16,2003,5032.4
16,2004,5179.8
16,2005,5292.8
16,2006,5475.2
16,2007,5579.2
16,2008,5724.6
16,2009,5827.6
16,2010,5960.8
16,2011,6077.0
16,2012,6311.4
16,2013,6426.6
16,2014,6490.2
16,2015,6517.8
16,2016,6637.2
16,2017,6649.6
16,2018,6622.6
16,2019,6641.2
16,2020,6666.2
16,2021,6614.2
16,2022,6688.4
16,2023,6854.4
16,2024,7014.8
17,1960,3934.0
17,1961,3957.0
17,1965,4413.6
17,1967,4477.4
17,1970,4861.0
17,1971,4911.4
17,1972,5151.2
17,1973,5264.0
17,1974,5342.0
17,1975,5421.4
17,1976,5471.2
17,1977,5488.4
17,1978,5491.6
17,1979,5456.8
17,1980,5558.4
17,1981,5609.0
17,1982,5584.4
17,1983,5536.6
17,1984,5416.4
17,1985,5272.0
17,1986,5122.6
17,1987,4988.0
17,1988,4813.6
17,1989,4613.4
17,1990,4489.0
17,1991,4398.8
17,1992,4304.6
17,1993,4284.0
17,1994,4327.8
17,1995,4412.0
17,1996,4488.6
17,1997,4590.2
17,1998,4648.8
17,1999,4713.0
17,2000,4761.8
17,2001,4955.8
17,2002,4977.0
17,2003,5032.4
17,2004,5179.8
17,2005,5292.8
17,2006,5475.2
17,2007,5579.2
17,2008,5724.6
17,2009,5827.6
17,2010,5960.8
17,2011,6077.0
17,2012,6311.4
17,2013,6426.6
17,2014,6490.2
17,2015,6517.8
17,2016,6637.2
17,2017,6649.6
17,2018,6622.6
17,2019,6641.2
17,2020,6666.2
17,2021,6614.2
17,2022,6688.4
17,2023,6854.4
17,2024,7014.8
18,1960,3934.0
18,1961,3957.0
18,1965,4413.6
18,1967,4477.4
18,1970,4861.0
18,1971,4911.4
18,1972,5151.2
18,1973,5264.0
18,1974,5342.0
18,1975,5421.4
18,1976,5471.2
18,1977,5488.4
18,1978,5491.6
18,1979,5456.8
18,1980,5558.4
18,1981,5609.0
18,1982,5584.4
18,1983,5536.6
18,1984,5416.4
18,1985,5272.0
18,1986,5122.6
18,1987,4988.0
18,1988,4813.6
18,1989,4613.4
18,1990,4489.0
18,1991,4398.8
18,1992,4304.6
18,1993,4284.0
18,1994,4327.8
18,1995,4412.0
18,1996,4488.6
18,1997,4590.2
18,1998,4648.8
18,1999,4713.0
18,2000,4761.8
18,2001,4955.8
18,2002,4977.0
18,2003,5032.4
18,2004,5179.8
18,2005,5292.8
18,2006,5475.2
18,2007,5579.2
18,2008,5724.6
18,2009,5827.6
18,2010,5960.8
18,2011,6077.0
18,2012,6311.4
18,2013,6426.6
18,2014,6490.2
18,2015,6517.8
18,2016,6637.2
18,2017,6649.6
18,2018,6622.6
18,2019,6641.2
18,2020,6666.2
18,2021,6614.2
18,2022,6688.4
18,2023,6854.4
18,2024,7014.8
19,1960,3934.0
19,1961,3957.0
19,1965,4413.6
19,1967,4477.4
19,1970,4861.0
19,1971,4911.4
19,1972,5151.2
19,1973,5264.0
19,1974,5342.0
19,1975,5421.4
19,1976,5471.2
19,1977,5488.4
19,1978,5491.6
19,1979,5456.8
19,1980,5558.4
19,1981,5609.0
19,1982,5584.4
19,1983,5536.6
19,1984,5416.4
19,1985,5272.0
19,1986,5122.6
19,1987,4988.0
19,1988,4813.6
19,1989,4613.4
19,1990,4489.0
19,1991,4398.8
19,1992,4304.6
19,1993,4284.0
19,1994,4327.8
19,1995,4412.0
19,1996,4488.6
19,1997,4590.2
19,1998,4648.8
19,1999,4713.0
19,2000,4761.8
19,2001,4955.8
19,2002,4977.0
19,2003,5032.4
19,2004,5179.8
19,2005,5292.8
19,2006,5475.2
19,2007,5579.2
19,2008,5724.6
19,2009,5827.6
19,2010,5960.8
19,2011,6077.0
19,2012,6311.4
19,2013,6426.6
19,2014,6490.2
19,2015,6517.8
19,2016,6637.2
19,2017,6649.6
19,2018,6622.6
19,2019,6641.2
19,2020,6666.2
19,2021,6614.2
19,2022,6688.4
19,2023,6854.4
19,2024,7014.8
20,1960,3934.0
20,1961,3957.0
20,1965,4413.6
20,1967,4477.4
20,1970,4861.0
20,1971,4911.4
20,1972,5151.2
20,1973,5264.0
20,1974,5342.0
20,1975,5421.4
20,1976,5471.2
20,1977,5488.4
20,1978,5491.6
20,1979,5456.8
20,1980,5558.4
20,1981,5609.0
20,1982,5584.4
20,1983,5536.6
20,1984,5416.4
20,1985,5272.0
20,1986,5122.6
20,1987,4988.0
20,1988,4813.6
20,1989,4613.4
20,1990,4489.0
20,1991,4398.8
20,1992,4304.6
20,1993,4284.0
20,1994,4327.8
20,1995,4412.0
20,1996,4488.6
20,1997,4590.2
20,1998,4648.8
20,1999,4713.0
20,2000,4761.8
20,2001,4955.8
20,2002,4977.0
20,2003,5032.4
20,2004,5179.8
20,2005,5292.8
20,2006,5475.2
20,2007,5579.2
20,2008,5724.6
20,2009,5827.6
20,2010,5960.8
20,2011,6077.0
20,2012,6311.4
20,2013,6426.6
20,2014,6490.2
20,2015,6517.8
20,2016,6637.2
20,2017,6649.6
20,2018,6622.6
20,2019,6641.2
20,2020,6666.2
20,2021,6614.2
20,2022,6688.4
20,2023,6854.4
20,2024,7014.8
21,1960,4307.2
21,1961,4332.6
21,1965,4346.2
21,1967,4408.8
21,1970,4547.8
21,1971,4571.0
21,1972,4753.4
21,1973,4974.8
21,1974,5208.2
21,1975,5510.0
21,1976,5691.2
21,1977,5838.8
21,1978,5921.0
21,1979,5936.6
21,1980,5706.0
21,1981,5824.6
21,1982,5870.4
21,1983,5868.6
21,1984,5890.6
21,1985,5928.6
21,1986,5949.0
21,1987,5946.0
21,1988,5901.2
21,1989,5724.6
21,1990,5711.6
21,1991,5641.0
21,1992,5562.4
21,1993,5461.4
21,1994,5346.0
21,1995,5201.0
21,1996,5153.4
21,1997,5001.0
21,1998,4893.8
21,1999,4911.2
21,2000,5013.6
21,2001,5149.8
21,2002,5197.4
21,2003,5187.4
21,2004,5370.6
21,2005,5501.4
21,2006,5589.2
21,2007,5646.4
21,2008,5704.8
21,2009,5849.0
21,2010,5950.2
21,2011,6134.2
21,2012,6432.0
21,2013,6638.2
21,2014,6743.0
21,2015,6940.6
21,2016,7075.4
21,2017,7408.0
21,2018,7567.2
21,2019,7607.6
21,2020,7708.0
21,2021,7742.8
21,2022,7751.4
21,2023,7778.4
21,2024,7826.4
22,1960,4307.2
22,1961,4332.6
22,1965,4346.2
22,1967,4408.8
22,1970,4547.8
22,1971,4571.0
22,1972,4753.4
22,1973,4974.8
22,1974,5208.2
22,1975,5510.0
22,1976,5691.2
22,1977,5838.8
22,1978,5921.0
22,1979,5936.6
22,1980,5706.0
22,1981,5824.6
22,1982,5870.4
22,1983,5868.6
22,1984,5890.6
22,1985,5928.6
22,1986,5949.0
22,1987,5946.0
22,1988,5901.2
22,1989,5724.6
22,1990,5711.6
22,1991,5641.0
22,1992,5562.4
22,1993,5461.4
22,1994,5346.0
22,1995,5201.0
22,1996,5153.4
22,1997,5001.0
22,1998,4893.8
22,1999,4911.2
22,2000,5013.6
22,2001,5149.8
22,2002,5197.4
22,2003,5187.4
22,2004,5370.6
22,2005,5501.4
22,2006,5589.2
22,2007,5646.4
22,2008,5704.8
22,2009,5849.0
22,2010,5950.2
22,2011,6134.2
22,2012,6432.0
22,2013,6638.2
22,2014,6743.0
22,2015,6940.6
22,2016,7075.4
22,2017,7408.0
22,2018,7567.2
22,2019,7607.6
22,2020,7708.0
22,2021,7742.8
22,2022,7751.4
22,2023,7778.4
22,2024,7826.4
23,1960,4307.2
23,1961,4332.6
23,1965,4346.2
23,1967,4408.8
23,1970,4547.8
23,1971,4571.0
23,1972,4753.4
23,1973,4974.8
23,1974,5208.2
23,1975,5510.0
23,1976,5691.2
23,1977,5838.8
23,1978,5921.0
23,1979,5936.6
23,1980,5706.0
23,1981,5824.6
23,1982,5870.4
23,1983,5868.6
23,1984,5890.6
23,1985,5928.6
23,1986,5949.0
23,1987,5946.0
23,1988,5901.2
23,1989,5724.6
23,1990,5711.6
23,1991,5641.0
23,1992,5562.4
23,1993,5461.4
23,1994,5346.0
23,1995,5201.0
23,1996,5153.4
23,1997,5001.0
23,1998,4893.8
23,1999,4911.2
23,2000,5013.6
23,2001,5149.8
23,2002,5197.4
23,2003,5187.4
23,2004,5370.6
23,2005,5501.4
23,2006,5589.2
23,2007,5646.4
23,2008,5704.8
23,2009,5849.0
23,2010,5950.2
23,2011,6134.2
23,2012,6432.0
23,2013,6638.2
23,2014,6743.0
23,2015,6940.6
23,2016,7075.4
23,2017,7408.0
23,2018,7567.2
23,2019,7607.6
23,2020,7708.0
23,2021,7742.8
23,2022,7751.4
23,2023,7778.4
23,2024,7826.4
24,1960,4307.2
24,1961,4332.6
24,1965,4346.2
24,1967,4408.8
24,1970,4547.8
24,1971,4571.0
24,1972,4753.4
24,1973,4974.8
24,1974,5208.2
24,1975,5510.0
24,1976,5691.2
24,1977,5838.8
24,1978,5921.0
24,1979,5936.6
24,1980,5706.0
24,1981,5824.6
24,1982,5870.4
24,1983,5868.6
24,1984,5890.6
24,1985,5928.6
24,1986,5949.0
24,1987,5946.0
24,1988,5901.2
24,1989,5724.6
24,1990,5711.6
24,1991,5641.0
24,1992,5562.4
24,1993,5461.4
24,1994,5346.0
24,1995,5201.0
24,1996,5153.4
24,1997,5001.0
24,1998,4893.8
24,1999,4911.2
24,2000,5013.6
24,2001,5149.8
24,2002,5197.4
24,2003,5187.4
24,2004,5370.6
24,2005,5501.4
24,2006,5589.2
24,2007,5646.4
24,2008,5704.8
24,2009,5849.0
24,2010,5950.2
24,2011,6134.2
24,2012,6432.0
24,2013,6638.2
24,2014,6743.0
24,2015,6940.6
24,2016,7075.4
24,2017,7408.0
24,2018,7567.2
24,2019,7607.6
24,2020,7708.0
24,2021,7742.8
24,2022,7751.4
24,2023,7778.4
24,2024,7826.4
25,1960,4307.2
25,1961,4332.6
25,1965,4346.2
25,1967,4408.8
25,1970,4547.8
25,1971,4571.0
25,1972,4753.4
25,1973,4974.8
25,1974,5208.2
25,1975,5510.0
25,1976,5691.2
25,1977,5838.8
25,1978,5921.0
25,1979,5936.6
25,1980,5706.0
25,1981,5824.6
25,1982,5870.4
25,1983,5868.6
25,1984,5890.6
25,1985,5928.6
25,1986,5949.0
25,1987,5946.0
25,1988,5901.2
25,1989,5724.6
25,1990,5711.6
25,1991,5641.0
25,1992,5562.4
25,1993,5461.4
25,1994,5346.0
25,1995,5201.0
25,1996,5153.4
25,1997,5001.0
25,1998,4893.8
25,1999,4911.2
25,2000,5013.6
25,2001,5149.8
25,2002,5197.4
25,2003,5187.4
25,2004,5370.6
25,2005,5501.4
25,2006,5589.2
25,2007,5646.4
25,2008,5704.8
25,2009,5849.0
25,2010,5950.2
25,2011,6134.2
25,2012,6432.0
25,2013,6638.2
25,2014,6743.0
25,2015,6940.6
25,2016,7075.4
25,2017,7408.0
25,2018,7567.2
25,2019,7607.6
25,2020,7708.0
25,2021,7742.8
25,2022,7751.4
25,2023,7778.4
25,2024,7826.4
26,1960,4558.8
26,1961,4585.6
26,1965,4524.6
26,1967,4589.8
26,1970,4475.0
26,1971,4451.6
26,1972,4732.6
26,1973,4860.6
26,1974,5137.2
26,1975,5467.2
26,1976,5741.8
26,1977,5745.2
26,1978,5833.0
26,1979,5872.8
26,1980,5734.2
26,1981,5828.6
26,1982,5949.8
26,1983,5996.0
26,1984,6060.2
26,1985,6068.2
26,1986,6143.2
26,1987,6258.8
26,1988,6321.6
26,1989,6407.8
26,1990,6524.8
26,1991,6653.2
26,1992,6716.8
26,1993,6787.6
26,1994,6712.8
26,1995,6659.4
26,1996,6579.4
26,1997,6546.6
26,1998,6459.8
26,1999,6332.8
26,2000,6235.8
26,2001,6256.0
26,2002,6139.2
26,2003,6040.8
26,2004,6089.8
26,2005,6111.0
26,2006,6221.4
26,2007,6381.6
26,2008,6581.8
26,2009,6778.8
26,2010,6940.0
26,2011,7056.4
26,2012,7323.6
26,2013,7513.2
26,2014,7788.0
26,2015,8039.2
26,2016,8381.6
26,2017,8633.0
26,2018,8944.8
26,2019,9225.0
26,2020,9514.6
26,2021,9520.0
26,2022,9756.6
26,2023,10064.2
26,2024,10207.0
27,1960,4558.8
27,1961,4585.6
27,1965,4524.6
27,1967,4589.8
27,1970,4475.0
27,1971,4451.6
27,1972,4732.6
27,1973,4860.6
27,1974,5137.2
27,1975,5467.2
27,1976,5741.8
27,1977,5745.2
27,1978,5833.0
27,1979,5872.8
27,1980,5734.2
27,1981,5828.6
27,1982,5949.8
27,1983,5996.0
27,1984,6060.2
27,1985,6068.2
27,1986,6143.2
27,1987,6258.8
27,1988,6321.6
27,1989,6407.8
27,1990,6524.8
27,1991,6653.2
27,1992,6716.8
27,1993,6787.6
27,1994,6712.8
27,1995,6659.4
27,1996,6579.4
27,1997,6546.6
27,1998,6459.8
27,1999,6332.8
27,2000,6235.8
27,2001,6256.0
27,2002,6139.2
27,2003,6040.8
27,2004,6089.8
27,2005,6111.0
27,2006,6221.4
27,2007,6381.6
27,2008,6581.8
27,2009,6778.8
27,2010,6940.0
27,2011,7056.4
27,2012,7323.6
27,2013,7513.2
27,2014,7788.0
27,2015,8039.2
27,2016,8381.6
27,2017,8633.0
27,2018,8944.8
27,2019,9225.0
27,2020,9514.6
27,2021,9520.0
27,2022,9756.6
27,2023,10064.2
27,2024,10207.0
28,1960,4558.8
28,1961,4585.6
28,1965,4524.6
28,1967,4589.8
28,1970,4475.0
28,1971,4451.6
28,1972,4732.6
28,1973,4860.6
28,1974,5137.2
28,1975,5467.2
28,1976,5741.8
28,1977,5745.2
28,1978,5833.0
28,1979,5872.8
28,1980,5734.2
28,1981,5828.6
28,1982,5949.8
28,1983,5996.0
28,1984,6060.2
28,1985,6068.2
28,1986,6143.2
28,1987,6258.8
28,1988,6321.6
28,1989,6407.8
28,1990,6524.8
28,1991,6653.2
28,1992,6716.8
28,1993,6787.6
28,1994,6712.8
28,1995,6659.4
28,1996,6579.4
28,1997,6546.6
28,1998,6459.8
28,1999,6332.8
28,2000,6235.8
28,2001,6256.0
28,2002,6139.2
28,2003,6040.8
28,2004,6089.8
28,2005,6111.0
28,2006,6221.4
28,2007,6381.6
28,2008,6581.8
28,2009,6778.8
28,2010,6940.0
28,2011,7056.4
28,2012,7323.6
28,2013,7513.2
28,2014,7788.0
28,2015,8039.2
28,2016,8381.6
28,2017,8633.0
28,2018,8944.8
28,2019,9225.0
28,2020,9514.6
28,2021,9520.0
28,2022,9756.6
28,2023,10064.2
28,2024,10207.0
29,1960,4558.8
29,1961,4585.6
29,1965,4524.6
29,1967,4589.8
29,1970,4475.0
29,1971,4451.6
29,1972,4732.6
29,1973,4860.6
29,1974,5137.2
29,1975,5467.2
29,1976,5741.8
29,1977,5745.2
29,1978,5833.0
29,1979,5872.8
29,1980,5734.2
29,1981,5828.6
29,1982,5949.8
29,1983,5996.0
29,1984,6060.2
29,1985,6068.2
29,1986,6143.2
29,1987,6258.8
29,1988,6321.6
29,1989,6407.8
29,1990,6524.8
29,1991,6653.2
29,1992,6716.8
29,1993,6787.6
29,1994,6712.8
29,1995,6659.4
29,1996,6579.4
29,1997,6546.6
29,1998,6459.8
29,1999,6332.8
29,2000,6235.8
29,2001,6256.0
29,2002,6139.2
29,2003,6040.8
29,2004,6089.8
29,2005,6111.0
29,2006,6221.4
29,2007,6381.6
29,2008,6581.8
29,2009,6778.8
29,2010,6940.0
29,2011,7056.4
29,2012,7323.6
29,2013,7513.2
29,2014,7788.0
29,2015,8039.2
29,2016,8381.6
29,2017,8633.0
29,2018,8944.8
29,2019,9225.0
29,2020,9514.6
29,2021,9520.0
29,2022,9756.6
29,2023,10064.2
29,2024,10207.0
30,1960,4558.8
30,1961,4585.6
30,1965,4524.6
30,1967,4589.8
30,1970,4475.0
30,1971,4451.6
30,1972,4732.6
30,1973,4860.6
30,1974,5137.2
30,1975,5467.2
30,1976,5741.8
30,1977,5745.2
30,1978,5833.0
30,1979,5872.8
30,1980,5734.2
30,1981,5828.6
30,1982,5949.8
30,1983,5996.0
30,1984,6060.2
30,1985,6068.2
30,1986,6143.2
30,1987,6258.8
30,1988,6321.6
30,1989,6407.8
30,1990,6524.8
30,1991,6653.2
30,1992,6716.8
30,1993,6787.6
30,1994,6712.8
30,1995,6659.4
30,1996,6579.4
30,1997,6546.6
30,1998,6459.8
30,1999,6332.8
30,2000,6235.8
30,2001,6256.0
30,2002,6139.2
30,2003,6040.8
30,2004,6089.8
30,2005,6111.0
30,2006,6221.4
30,2007,6381.6
30,2008,6581.8
30,2009,6778.8
30,2010,6940.0
30,2011,7056.4
30,2012,7323.6
30,2013,7513.2
30,2014,7788.0
30,2015,8039.2
30,2016,8381.6
30,2017,8633.0
30,2018,8944.8
30,2019,9225.0
30,2020,9514.6
30,2021,9520.0
30,2022,9756.6
30,2023,10064.2
30,2024,10207.0
31,1960,5002.0
31,1961,5031.4
31,1965,4599.8
31,1967,4666.2
31,1970,4644.2
31,1971,4672.8
31,1972,4729.4
31,1973,4799.0
31,1974,4907.8
31,1975,4961.8
31,1976,5007.2
31,1977,5173.4
31,1978,5261.2
31,1979,5421.4
31,1980,5535.2
31,1981,5684.8
31,1982,5698.0
31,1983,5729.2
31,1984,5769.4
31,1985,5857.4
31,1986,5944.8
31,1987,6114.6
31,1988,6208.0
31,1989,6328.0
31,1990,6439.2
31,1991,6560.4
31,1992,6719.2
31,1993,6839.4
31,1994,7002.6
31,1995,7135.0
31,1996,7294.2
31,1997,7366.4
31,1998,7428.6
31,1999,7371.8
31,2000,7365.4
31,2001,7565.4
31,2002,7525.2
31,2003,7380.4
31,2004,7258.8
31,2005,7115.2
31,2006,7109.6
31,2007,7049.0
31,2008,7124.4
31,2009,7322.6
31,2010,7466.6
31,2011,7571.8
31,2012,7939.4
31,2013,8221.0
31,2014,8423.6
31,2015,8671.0
31,2016,8880.2
31,2017,9090.6
31,2018,9254.4
31,2019,9572.6
31,2020,9886.6
31,2021,10210.0
31,2022,10384.0
31,2023,10751.0
31,2024,10948.6
32,1960,5002.0
32,1961,5031.4
32,1965,4599.8
32,1967,4666.2
32,1970,4644.2
32,1971,4672.8
32,1972,4729.4
32,1973,4799.0
32,1974,4907.8
32,1975,4961.8
32,1976,5007.2
32,1977,5173.4
32,1978,5261.2
32,1979,5421.4
32,1980,5535.2
32,1981,5684.8
32,1982,5698.0
32,1983,5729.2
32,1984,5769.4
32,1985,5857.4
32,1986,5944.8
32,1987,6114.6
32,1988,6208.0
32,1989,6328.0
32,1990,6439.2
32,1991,6560.4
32,1992,6719.2
32,1993,6839.4
32,1994,7002.6
32,1995,7135.0
32,1996,7294.2
32,1997,7366.4
32,1998,7428.6
32,1999,7371.8
32,2000,7365.4
32,2001,7565.4
32,2002,7525.2
32,2003,7380.4
32,2004,7258.8
32,2005,7115.2
32,2006,7109.6
32,2007,7049.0
32,2008,7124.4
32,2009,7322.6
32,2010,7466.6
32,2011,7571.8
32,2012,7939.4
32,2013,8221.0
32,2014,8423.6
32,2015,8671.0
32,2016,8880.2
32,2017,9090.6
32,2018,9254.4
32,2019,9572.6
32,2020,9886.6
32,2021,10210.0
32,2022,10384.0
32,2023,10751.0
32,2024,10948.6
33,1960,5002.0
33,1961,5031.4
33,1965,4599.8
33,1967,4666.2
33,1970,4644.2
33,1971,4672.8
33,1972,4729.4
33,1973,4799.0
33,1974,4907.8
33,1975,4961.8
33,1976,5007.2
33,1977,5173.4
33,1978,5261.2
33,1979,5421.4
33,1980,5535.2
33,1981,5684.8
33,1982,5698.0
33,1983,5729.2
33,1984,5769.4
33,1985,5857.4
33,1986,5944.8
33,1987,6114.6
33,1988,6208.0
33,1989,6328.0
33,1990,6439.2
33,1991,6560.4
33,1992,6719.2
33,1993,6839.4
33,1994,7002.6
33,1995,7135.0
33,1996,7294.2
33,1997,7366.4
33,1998,7428.6
33,1999,7371.8
33,2000,7365.4
33,2001,7565.4
33,2002,7525.2
33,2003,7380.4
33,2004,7258.8
33,2005,7115.2
33,2006,7109.6
33,2007,7049.0
33,2008,7124.4
33,2009,7322.6
33,2010,7466.6
33,2011,7571.8
33,2012,7939.4
33,2013,8221.0
33,2014,8423.6
33,2015,8671.0
33,2016,8880.2
33,2017,9090.6
33,2018,9254.4
33,2019,9572.6
33,2020,9886.6
33,2021,10210.0
33,2022,10384.0
33,2023,10751.0
33,2024,10948.6
34,1960,5002.0
34,1961,5031.4
34,1965,4599.8
34,1967,4666.2
34,1970,4644.2
34,1971,4672.8
34,1972,4729.4
34,1973,4799.0
34,1974,4907.8
34,1975,4961.8
34,1976,5007.2
34,1977,5173.4
34,1978,5261.2
34,1979,5421.4
34,1980,5535.2
34,1981,5684.8
34,1982,5698.0
34,1983,5729.2
34,1984,5769.4
34,1985,5857.4
34,1986,5944.8
34,1987,6114.6
34,1988,6208.0
34,1989,6328.0
34,1990,6439.2
34,1991,6560.4
34,1992,6719.2
34,1993,6839.4
34,1994,7002.6
34,1995,7135.0
34,1996,7294.2
34,1997,7366.4
34,1998,7428.6
34,1999,7371.8
34,2000,7365.4
34,2001,7565.4
34,2002,7525.2
34,2003,7380.4
34,2004,7258.8
34,2005,7115.2
34,2006,7109.6
34,2007,7049.0
34,2008,7124.4
34,2009,7322.6
34,2010,7466.6
34,2011,7571.8
34,2012,7939.4
34,2013,8221.0
34,2014,8423.6
34,2015,8671.0
34,2016,8880.2
34,2017,9090.6
34,2018,9254.4
34,2019,9572.6
34,2020,9886.6
34,2021,10210.0
34,2022,10384.0
34,2023,10751.0
34,2024,10948.6
35,1960,5002.0
35,1961,5031.4
35,1965,4599.8
35,1967,4666.2
35,1970,4644.2
35,1971,4672.8
35,1972,4729.4
35,1973,4799.0
35,1974,4907.8
35,1975,4961.8
35,1976,5007.2
35,1977,5173.4
35,1978,5261.2
35,1979,5421.4
35,1980,5535.2
35,1981,5684.8
35,1982,5698.0
35,1983,5729.2
35,1984,5769.4
35,1985,5857.4
35,1986,5944.8
35,1987,6114.6
35,1988,6208.0
35,1989,6328.0
35,1990,6439.2
35,1991,6560.4
35,1992,6719.2
35,1993,6839.4
35,1994,7002.6
35,1995,7135.0
35,1996,7294.2
35,1997,7366.4
35,1998,7428.6
35,1999,7371.8
35,2000,7365.4
35,2001,7565.4
35,2002,7525.2
35,2003,7380.4
35,2004,7258.8
35,2005,7115.2
35,2006,7109.6
35,2007,7049.0
35,2008,7124.4
35,2009,7322.6
35,2010,7466.6
35,2011,7571.8
35,2012,7939.4
35,2013,8221.0
35,2014,8423.6
35,2015,8671.0
35,2016,8880.2
35,2017,9090.6
35,2018,9254.4
35,2019,9572.6
35,2020,9886.6
35,2021,10210.0
35,2022,10384.0
35,2023,10751.0
35,2024,10948.6
36,1960,4273.0
36,1961,4298.2
36,1965,5105.6
36,1967,5179.2
36,1970,4806.8
36,1971,4740.8
36,1972,4720.8
36,1973,4720.6
36,1974,4826.0
36,1975,4955.0
36,1976,5005.6
36,1977,4939.2
36,1978,4950.8
36,1979,4976.4
36,1980,4921.8
36,1981,4919.2
36,1982,5073.0
36,1983,5164.4
36,1984,5282.0
36,1985,5435.0
36,1986,5604.8
36,1987,5662.8
36,1988,5764.0
36,1989,5872.0
36,1990,6004.4
36,1991,6132.4
36,1992,6328.8
36,1993,6459.2
36,1994,6598.6
36,1995,6697.0
36,1996,6837.4
36,1997,6973.0
36,1998,7123.2
36,1999,7312.0
36,2000,7455.8
36,2001,7760.4
36,2002,7888.8
36,2003,7990.0
36,2004,8039.6
36,2005,7988.0
36,2006,7997.8
36,2007,7988.2
36,2008,7930.2
36,2009,7925.2
36,2010,7896.4
36,2011,7958.2
36,2012,7979.4
36,2013,8148.8
36,2014,8389.0
36,2015,8658.6
36,2016,8914.4
36,2017,9221.2
36,2018,9423.8
36,2019,9622.2
36,2020,9830.2
36,2021,9877.0
36,2022,10082.6
36,2023,10370.0
36,2024,10643.6
37,1960,4273.0
37,1961,4298.2
37,1965,5105.6
37,1967,5179.2
37,1970,4806.8
37,1971,4740.8
37,1972,4720.8
37,1973,4720.6
37,1974,4826.0
37,1975,4955.0
37,1976,5005.6
37,1977,4939.2
37,1978,4950.8
37,1979,4976.4
37,1980,4921.8
37,1981,4919.2
37,1982,5073.0
37,1983,5164.4
37,1984,5282.0
37,1985,5435.0
37,1986,5604.8
37,1987,5662.8
37,1988,5764.0
37,1989,5872.0
37,1990,6004.4
37,1991,6132.4
37,1992,6328.8
37,1993,6459.2
37,1994,6598.6
37,1995,6697.0
37,1996,6837.4
37,1997,6973.0
37,1998,7123.2
37,1999,7312.0
37,2000,7455.8
37,2001,7760.4
37,2002,7888.8
37,2003,7990.0
37,2004,8039.6
37,2005,7988.0
37,2006,7997.8
37,2007,7988.2
37,2008,7930.2
37,2009,7925.2
37,2010,7896.4
37,2011,7958.2
37,2012,7979.4
37,2013,8148.8
37,2014,8389.0
37,2015,8658.6
37,2016,8914.4
37,2017,9221.2
37,2018,9423.8
37,2019,9622.2
37,2020,9830.2
37,2021,9877.0
37,2022,10082.6
37,2023,10370.0
37,2024,10643.6
38,1960,4273.0
38,1961,4298.2
38,1965,5105.6
38,1967,5179.2
38,1970,4806.8
38,1971,4740.8
38,1972,4720.8
38,1973,4720.6
38,1974,4826.0
38,1975,4955.0
38,1976,5005.6
38,1977,4939.2
38,1978,4950.8
38,1979,4976.4
38,1980,4921.8
38,1981,4919.2
38,1982,5073.0
38,1983,5164.4
38,1984,5282.0
38,1985,5435.0
38,1986,5604.8
38,1987,5662.8
38,1988,5764.0
38,1989,5872.0
38,1990,6004.4
38,1991,6132.4
38,1992,6328.8
38,1993,6459.2
38,1994,6598.6
38,1995,6697.0
38,1996,6837.4
38,1997,6973.0
38,1998,7123.2
38,1999,7312.0
38,2000,7455.8
38,2001,7760.4
38,2002,7888.8
38,2003,7990.0
38,2004,8039.6
38,2005,7988.0
38,2006,7997.8
38,2007,7988.2
38,2008,7930.2
38,2009,7925.2
38,2010,7896.4
38,2011,7958.2
38,2012,7979.4
38,2013,8148.8
38,2014,8389.0
38,2015,8658.6
38,2016,8914.4
38,2017,9221.2
38,2018,9423.8
38,2019,9622.2
38,2020,9830.2
38,2021,9877.0
38,2022,10082.6
38,2023,10370.0
38,2024,10643.6
39,1960,4273.0
39,1961,4298.2
39,1965,5105.6
39,1967,5179.2
39,1970,4806.8
39,1971,4740.8
39,1972,4720.8
39,1973,4720.6
39,1974,4826.0
39,1975,4955.0
39,1976,5005.6
39,1977,4939.2
39,1978,4950.8
39,1979,4976.4
39,1980,4921.8
39,1981,4919.2
39,1982,5073.0
39,1983,5164.4
39,1984,5282.0
39,1985,5435.0
39,1986,5604.8
39,1987,5662.8
39,1988,5764.0
39,1989,5872.0
39,1990,6004.4
39,1991,6132.4
39,1992,6328.8
39,1993,6459.2
39,1994,6598.6
39,1995,6697.0
39,1996,6837.4
39,1997,6973.0
39,1998,7123.2
39,1999,7312.0
39,2000,7455.8
39,2001,7760.4
39,2002,7888.8
39,2003,7990.0
39,2004,8039.6
39,2005,7988.0
39,2006,7997.8
39,2007,7988.2
39,2008,7930.2
39,2009,7925.2
39,2010,7896.4
39,2011,7958.2
39,2012,7979.4
39,2013,8148.8
39,2014,8389.0
39,2015,8658.6
39,2016,8914.4
39,2017,9221.2
39,2018,9423.8
39,2019,9622.2
39,2020,9830.2
39,2021,9877.0
39,2022,10082.6
39,2023,10370.0
39,2024,10643.6
40,1960,4273.0
40,1961,4298.2
40,1965,5105.6
40,1967,5179.2
40,1970,4806.8
40,1971,4740.8
40,1972,4720.8
40,1973,4720.6
40,1974,4826.0
40,1975,4955.0
40,1976,5005.6
40,1977,4939.2
40,1978,4950.8
40,1979,4976.4
40,1980,4921.8
40,1981,4919.2
40,1982,5073.0
40,1983,5164.4
40,1984,5282.0
40,1985,5435.0
40,1986,5604.8
40,1987,5662.8
40,1988,5764.0
40,1989,5872.0
40,1990,6004.4
40,1991,6132.4
40,1992,6328.8
40,1993,6459.2
40,1994,6598.6
40,1995,6697.0
40,1996,6837.4
40,1997,6973.0
40,1998,7123.2
40,1999,7312.0
40,2000,7455.8
40,2001,7760.4
40,2002,7888.8
40,2003,7990.0
40,2004,8039.6
40,2005,7988.0
40,2006,7997.8
40,2007,7988.2
40,2008,7930.2
40,2009,7925.2
40,2010,7896.4
40,2011,7958.2
40,2012,7979.4
40,2013,8148.8
40,2014,8389.0
40,2015,8658.6
40,2016,8914.4
40,2017,9221.2
40,2018,9423.8
40,2019,9622.2
40,2020,9830.2
40,2021,9877.0
40,2022,10082.6
40,2023,10370.0
40,2024,10643.6
41,1960,3614.6
41,1961,3636.0
41,1965,4371.0
41,1967,4434.8
41,1970,5044.8
41,1971,5116.0
41,1972,5222.2
41,1973,5198.0
41,1974,5165.0
41,1975,5079.6
41,1976,4958.6
41,1977,4854.0
41,1978,4818.8
41,1979,4834.4
41,1980,4870.8
41,1981,4850.2
41,1982,4778.6
41,1983,4802.6
41,1984,4813.4
41,1985,4780.4
41,1986,4774.6
41,1987,4961.6
41,1988,5117.8
41,1989,5255.6
41,1990,5448.2
41,1991,5669.8
41,1992,5739.0
41,1993,5841.0
41,1994,5938.0
41,1995,6085.8
41,1996,6226.0
41,1997,6413.6
41,1998,6542.2
41,1999,6686.8
41,2000,6814.8
41,2001,7069.2
41,2002,7220.6
41,2003,7351.6
41,2004,7542.4
41,2005,7785.4
41,2006,7964.8
41,2007,8154.0
41,2008,8307.4
41,2009,8440.2
41,2010,8448.2
41,2011,8523.8
41,2012,8638.0
41,2013,8663.4
41,2014,8664.8
41,2015,8680.6
41,2016,8791.2
41,2017,8875.2
41,2018,9051.0
41,2019,9235.4
41,2020,9411.6
41,2021,9638.0
41,2022,9816.6
41,2023,10083.8
41,2024,10261.2
42,1960,3614.6
42,1961,3636.0
42,1965,4371.0
42,1967,4434.8
42,1970,5044.8
42,1971,5116.0
42,1972,5222.2
42,1973,5198.0
42,1974,5165.0
42,1975,5079.6
42,1976,4958.6
42,1977,4854.0
42,1978,4818.8
42,1979,4834.4
42,1980,4870.8
42,1981,4850.2
42,1982,4778.6
42,1983,4802.6
42,1984,4813.4
42,1985,4780.4
42,1986,4774.6
42,1987,4961.6
42,1988,5117.8
42,1989,5255.6
42,1990,5448.2
42,1991,5669.8
42,1992,5739.0
42,1993,5841.0
42,1994,5938.0
42,1995,6085.8
42,1996,6226.0
42,1997,6413.6
42,1998,6542.2
42,1999,6686.8
42,2000,6814.8
42,2001,7069.2
42,2002,7220.6
42,2003,7351.6
42,2004,7542.4
42,2005,7785.4
42,2006,7964.8
42,2007,8154.0
42,2008,8307.4
42,2009,8440.2
42,2010,8448.2
42,2011,8523.8
42,2012,8638.0
42,2013,8663.4
42,2014,8664.8
42,2015,8680.6
42,2016,8791.2
42,2017,8875.2
42,2018,9051.0
42,2019,9235.4
42,2020,9411.6
42,2021,9638.0
42,2022,9816.6
42,2023,10083.8
42,2024,10261.2
43,1960,3614.6
43,1961,3636.0
43,1965,4371.0
43,1967,4434.8
43,1970,5044.8
43,1971,5116.0
43,1972,5222.2
43,1973,5198.0
43,1974,5165.0
43,1975,5079.6
43,1976,4958.6
43,1977,4854.0
43,1978,4818.8
43,1979,4834.4
43,1980,4870.8
43,1981,4850.2
43,1982,4778.6
43,1983,4802.6
43,1984,4813.4
43,1985,4780.4
43,1986,4774.6
43,1987,4961.6
43,1988,5117.8
43,1989,5255.6
43,1990,5448.2
43,1991,5669.8
43,1992,5739.0
43,1993,5841.0
43,1994,5938.0
43,1995,6085.8
43,1996,6226.0
43,1997,6413.6
43,1998,6542.2
43,1999,6686.8
43,2000,6814.8
43,2001,7069.2
43,2002,7220.6
43,2003,7351.6
43,2004,7542.4
43,2005,7785.4
43,2006,7964.8
43,2007,8154.0
43,2008,8307.4
43,2009,8440.2
43,2010,8448.2
43,2011,8523.8
43,2012,8638.0
43,2013,8663.4
43,2014,8664.8
43,2015,8680.6
43,2016,8791.2
43,2017,8875.2
43,2018,9051.0
43,2019,9235.4
43,2020,9411.6
43,2021,9638.0
43,2022,9816.6
43,2023,10083.8
43,2024,10261.2
44,1960,3614.6
44,1961,3636.0
44,1965,4371.0
44,1967,4434.8
44,1970,5044.8
44,1971,5116.0
44,1972,5222.2
44,1973,5198.0
44,1974,5165.0
44,1975,5079.6
44,1976,4958.6
44,1977,4854.0
44,1978,4818.8
44,1979,4834.4
44,1980,4870.8
44,1981,4850.2
44,1982,4778.6
44,1983,4802.6
44,1984,4813.4
44,1985,4780.4
44,1986,4774.6
44,1987,4961.6
44,1988,5117.8
44,1989,5255.6
44,1990,5448.2
44,1991,5669.8
44,1992,5739.0
44,1993,5841.0
44,1994,5938.0
44,1995,6085.8
44,1996,6226.0
44,1997,6413.6
44,1998,6542.2
44,1999,6686.8
44,2000,6814.8
44,2001,7069.2
44,2002,7220.6
44,2003,7351.6
44,2004,7542.4
44,2005,7785.4
44,2006,7964.8
44,2007,8154.0
44,2008,8307.4
44,2009,8440.2
44,2010,8448.2
44,2011,8523.8
44,2012,8638.0
44,2013,8663.4
44,2014,8664.8
44,2015,8680.6
44,2016,8791.2
44,2017,8875.2
44,2018,9051.0
44,2019,9235.4
44,2020,9411.6
44,2021,9638.0
44,2022,9816.6
44,2023,10083.8
44,2024,10261.2
45,1960,3614.6
45,1961,3636.0
45,1965,4371.0
45,1967,4434.8
45,1970,5044.8
45,1971,5116.0
45,1972,5222.2
45,1973,5198.0
45,1974,5165.0
45,1975,5079.6
45,1976,4958.6
45,1977,4854.0
45,1978,4818.8
45,1979,4834.4
45,1980,4870.8
45,1981,4850.2
45,1982,4778.6
45,1983,4802.6
45,1984,4813.4
45,1985,4780.4
45,1986,4774.6
45,1987,4961.6
45,1988,5117.8
45,1989,5255.6
45,1990,5448.2
45,1991,5669.8
45,1992,5739.0
45,1993,5841.0
45,1994,5938.0
45,1995,6085.8
45,1996,6226.0
45,1997,6413.6
45,1998,6542.2
45,1999,6686.8
45,2000,6814.8
45,2001,7069.2
45,2002,7220.6
45,2003,7351.6
45,2004,7542.4
45,2005,7785.4
45,2006,7964.8
45,2007,8154.0
45,2008,8307.4
45,2009,8440.2
45,2010,8448.2
45,2011,8523.8
45,2012,8638.0
45,2013,8663.4
45,2014,8664.8
45,2015,8680.6
45,2016,8791.2
45,2017,8875.2
45,2018,9051.0
45,2019,9235.4
45,2020,9411.6
45,2021,9638.0
45,2022,9816.6
45,2023,10083.8
45,2024,10261.2
46,1960,4473.0
46,1961,4499.2
46,1965,3730.2
46,1967,3784.4
46,1970,4279.4
46,1971,4262.0
46,1972,4403.8
46,1973,4615.2
46,1974,4797.4
46,1975,5048.6
46,1976,5239.2
46,1977,5281.8
46,1978,5224.0
46,1979,5107.2
46,1980,4925.0
46,1981,4768.2
46,1982,4659.0
46,1983,4628.0
46,1984,4639.6
46,1985,4697.6
46,1986,4709.8
46,1987,4662.8
46,1988,4720.2
46,1989,4772.8
46,1990,4754.2
46,1991,4767.2
46,1992,4966.4
46,1993,5109.4
46,1994,5251.0
46,1995,5462.2
46,1996,5682.0
46,1997,5745.2
46,1998,5870.0
46,1999,5967.4
46,2000,6102.0
46,2001,6165.6
46,2002,6379.8
46,2003,6556.6
46,2004,6753.8
46,2005,6911.6
46,2006,7140.0
46,2007,7343.6
46,2008,7533.0
46,2009,7766.6
46,2010,8054.2
46,2011,8269.0
46,2012,8565.0
46,2013,8781.8
46,2014,8942.2
46,2015,9072.2
46,2016,9120.8
46,2017,9258.8
46,2018,9240.4
46,2019,9236.6
46,2020,9226.8
46,2021,9252.2
46,2022,9269.8
46,2023,9436.2
46,2024,9620.2
47,1960,4473.0
47,1961,4499.2
47,1965,3730.2
47,1967,3784.4
47,1970,4279.4
47,1971,4262.0
47,1972,4403.8
47,1973,4615.2
47,1974,4797.4
47,1975,5048.6
47,1976,5239.2
47,1977,5281.8
47,1978,5224.0
47,1979,5107.2
47,1980,4925.0
47,1981,4768.2
47,1982,4659.0
47,1983,4628.0
47,1984,4639.6
47,1985,4697.6
47,1986,4709.8
47,1987,4662.8
47,1988,4720.2
47,1989,4772.8
47,1990,4754.2
47,1991,4767.2
47,1992,4966.4
47,1993,5109.4
47,1994,5251.0
47,1995,5462.2
47,1996,5682.0
47,1997,5745.2
47,1998,5870.0
47,1999,5967.4
47,2000,6102.0
47,2001,6165.6
47,2002,6379.8
47,2003,6556.6
47,2004,6753.8
47,2005,6911.6
47,2006,7140.0
47,2007,7343.6
47,2008,7533.0
47,2009,7766.6
47,2010,8054.2
47,2011,8269.0
47,2012,8565.0
47,2013,8781.8
47,2014,8942.2
47,2015,9072.2
47,2016,9120.8
47,2017,9258.8
47,2018,9240.4
47,2019,9236.6
47,2020,9226.8
47,2021,9252.2
47,2022,9269.8
47,2023,9436.2
47,2024,9620.2
48,1960,4473.0
48,1961,4499.2
48,1965,3730.2
48,1967,3784.4
48,1970,4279.4
48,1971,4262.0
48,1972,4403.8
48,1973,4615.2
48,1974,4797.4
48,1975,5048.6
48,1976,5239.2
48,1977,5281.8
48,1978,5224.0
48,1979,5107.2
48,1980,4925.0
48,1981,4768.2
48,1982,4659.0
48,1983,4628.0
48,1984,4639.6
48,1985,4697.6
48,1986,4709.8
48,1987,4662.8
48,1988,4720.2
48,1989,4772.8
48,1990,4754.2
48,1991,4767.2
48,1992,4966.4
48,1993,5109.4
48,1994,5251.0
48,1995,5462.2
48,1996,5682.0
48,1997,5745.2
48,1998,5870.0
48,1999,5967.4
48,2000,6102.0
48,2001,6165.6
48,2002,6379.8
48,2003,6556.6
48,2004,6753.8
48,2005,6911.6
48,2006,7140.0
48,2007,7343.6
48,2008,7533.0
48,2009,7766.6
48,2010,8054.2
48,2011,8269.0
48,2012,8565.0
48,2013,8781.8
48,2014,8942.2
48,2015,9072.2
48,2016,9120.8
48,2017,9258.8
48,2018,9240.4
48,2019,9236.6
48,2020,9226.8
48,2021,9252.2
48,2022,9269.8
48,2023,9436.2
48,2024,9620.2
49,1960,4473.0
49,1961,4499.2
49,1965,3730.2
49,1967,3784.4
49,1970,4279.4
49,1971,4262.0
49,1972,4403.8
49,1973,4615.2
49,1974,4797.4
49,1975,5048.6
49,1976,5239.2
49,1977,5281.8
49,1978,5224.0
49,1979,5107.2
49,1980,4925.0
49,1981,4768.2
49,1982,4659.0
49,1983,4628.0
49,1984,4639.6
49,1985,4697.6
49,1986,4709.8
49,1987,4662.8
49,1988,4720.2
49,1989,4772.8
49,1990,4754.2
49,1991,4767.2
49,1992,4966.4
49,1993,5109.4
49,1994,5251.0
49,1995,5462.2
49,1996,5682.0
49,1997,5745.2
49,1998,5870.0
49,1999,5967.4
49,2000,6102.0
49,2001,6165.6
49,2002,6379.8
49,2003,6556.6
49,2004,6753.8
49,2005,6911.6
49,2006,7140.0
49,2007,7343.6
49,2008,7533.0
49,2009,7766.6
49,2010,8054.2
49,2011,8269.0
49,2012,8565.0
49,2013,8781.8
49,2014,8942.2
49,2015,9072.2
49,2016,9120.8
49,2017,9258.8
49,2018,9240.4
49,2019,9236.6
49,2020,9226.8
49,2021,9252.2
49,2022,9269.8
49,2023,9436.2
49,2024,9620.2
50,1960,4473.0
50,1961,4499.2
50,1965,3730.2
50,1967,3784.4
50,1970,4279.4
50,1971,4262.0
50,1972,4403.8
50,1973,4615.2
50,1974,4797.4
50,1975,5048.6
50,1976,5239.2
50,1977,5281.8
50,1978,5224.0
50,1979,5107.2
50,1980,4925.0
50,1981,4768.2
50,1982,4659.0
50,1983,4628.0
50,1984,4639.6
50,1985,4697.6
50,1986,4709.8
50,1987,4662.8
50,1988,4720.2
50,1989,4772.8
50,1990,4754.2
50,1991,4767.2
50,1992,4966.4
50,1993,5109.4
50,1994,5251.0
50,1995,5462.2
50,1996,5682.0
50,1997,5745.2
50,1998,5870.0
50,1999,5967.4
50,2000,6102.0
50,2001,6165.6
50,2002,6379.8
50,2003,6556.6
50,2004,6753.8
50,2005,6911.6
50,2006,7140.0
50,2007,7343.6
50,2008,7533.0
50,2009,7766.6
50,2010,8054.2
50,2011,8269.0
50,2012,8565.0
50,2013,8781.8
50,2014,8942.2
50,2015,9072.2
50,2016,9120.8
50,2017,9258.8
50,2018,9240.4
50,2019,9236.6
50,2020,9226.8
50,2021,9252.2
50,2022,9269.8
50,2023,9436.2
50,2024,9620.2
51,1960,4612.8
51,1961,4640.0
51,1965,4108.2
51,1967,4167.8
51,1970,3417.0
51,1971,3496.6
51,1972,3667.4
51,1973,3820.6
51,1974,4074.0
51,1975,4183.6
51,1976,4225.6
51,1977,4332.0
51,1978,4521.8
51,1979,4663.4
51,1980,4812.4
51,1981,4949.8
51,1982,4981.8
51,1983,4906.4
51,1984,4818.4
51,1985,4698.8
51,1986,4567.0
51,1987,4490.6
51,1988,4486.0
51,1989,4522.8
51,1990,4590.6
51,1991,4609.8
51,1992,4581.2
51,1993,4623.2
51,1994,4702.8
51,1995,4683.2
51,1996,4698.8
51,1997,4917.8
51,1998,5064.8
51,1999,5210.6
51,2000,5420.6
51,2001,5505.8
51,2002,5582.4
51,2003,5715.6
51,2004,5834.6
51,2005,6008.6
51,2006,6180.6
51,2007,6386.8
51,2008,6580.0
51,2009,6793.8
51,2010,6980.4
51,2011,7238.2
51,2012,7519.4
51,2013,7770.4
51,2014,8102.4
51,2015,8436.0
51,2016,8735.6
51,2017,9020.6
51,2018,9218.0
51,2019,9339.0
51,2020,9400.0
51,2021,9391.4
51,2022,9446.6
51,2023,9450.6
51,2024,9400.2
52,1960,4612.8
52,1961,4640.0
52,1965,4108.2
52,1967,4167.8
52,1970,3417.0
52,1971,3496.6
52,1972,3667.4
52,1973,3820.6
52,1974,4074.0
52,1975,4183.6
52,1976,4225.6
52,1977,4332.0
52,1978,4521.8
52,1979,4663.4
52,1980,4812.4
52,1981,4949.8
52,1982,4981.8
52,1983,4906.4
52,1984,4818.4
52,1985,4698.8
52,1986,4567.0
52,1987,4490.6
52,1988,4486.0
52,1989,4522.8
52,1990,4590.6
52,1991,4609.8
52,1992,4581.2
52,1993,4623.2
52,1994,4702.8
52,1995,4683.2
52,1996,4698.8
52,1997,4917.8
52,1998,5064.8
52,1999,5210.6
52,2000,5420.6
52,2001,5505.8
52,2002,5582.4
52,2003,5715.6
52,2004,5834.6
52,2005,6008.6
52,2006,6180.6
52,2007,6386.8
52,2008,6580.0
52,2009,6793.8
52,2010,6980.4
52,2011,7238.2
52,2012,7519.4
52,2013,7770.4
52,2014,8102.4
52,2015,8436.0
52,2016,8735.6
52,2017,9020.6
52,2018,9218.0
52,2019,9339.0
52,2020,9400.0
52,2021,9391.4
52,2022,9446.6
52,2023,9450.6
52,2024,9400.2
53,1960,4612.8
53,1961,4640.0
53,1965,4108.2
53,1967,4167.8
53,1970,3417.0
53,1971,3496.6
53,1972,3667.4
53,1973,3820.6
53,1974,4074.0
53,1975,4183.6
53,1976,4225.6
53,1977,4332.0
53,1978,4521.8
53,1979,4663.4
53,1980,4812.4
53,1981,4949.8
53,1982,4981.8
53,1983,4906.4
53,1984,4818.4
53,1985,4698.8
53,1986,4567.0
53,1987,4490.6
53,1988,4486.0
53,1989,4522.8
53,1990,4590.6
53,1991,4609.8
53,1992,4581.2
53,1993,4623.2
53,1994,4702.8
53,1995,4683.2
53,1996,4698.8
53,1997,4917.8
53,1998,5064.8
53,1999,5210.6
53,2000,5420.6
53,2001,5505.8
53,2002,5582.4
53,2003,5715.6
53,2004,5834.6
53,2005,6008.6
53,2006,6180.6
53,2007,6386.8
53,2008,6580.0
53,2009,6793.8
53,2010,6980.4
53,2011,7238.2
53,2012,7519.4
53,2013,7770.4
53,2014,8102.4
53,2015,8436.0
53,2016,8735.6
53,2017,9020.6
53,2018,9218.0
53,2019,9339.0
53,2020,9400.0
53,2021,9391.4
53,2022,9446.6
53,2023,9450.6
53,2024,9400.2
54,1960,4612.8
54,1961,4640.0
54,1965,4108.2
54,1967,4167.8
54,1970,3417.0
54,1971,3496.6
54,1972,3667.4
54,1973,3820.6
54,1974,4074.0
54,1975,4183.6
54,1976,4225.6
54,1977,4332.0
54,1978,4521.8
54,1979,4663.4
54,1980,4812.4
54,1981,4949.8
54,1982,4981.8
54,1983,4906.4
54,1984,4818.4
54,1985,4698.8
54,1986,4567.0
54,1987,4490.6
54,1988,4486.0
54,1989,4522.8
54,1990,4590.6
54,1991,4609.8
54,1992,4581.2
54,1993,4623.2
54,1994,4702.8
54,1995,4683.2
54,1996,4698.8
54,1997,4917.8
54,1998,5064.8
54,1999,5210.6
54,2000,5420.6
54,2001,5505.8
54,2002,5582.4
54,2003,5715.6
54,2004,5834.6
54,2005,6008.6
54,2006,6180.6
54,2007,6386.8
54,2008,6580.0
54,2009,6793.8
54,2010,6980.4
54,2011,7238.2
54,2012,7519.4
54,2013,7770.4
54,2014,8102.4
54,2015,8436.0
54,2016,8735.6
54,2017,9020.6
54,2018,9218.0
54,2019,9339.0
54,2020,9400.0
54,2021,9391.4
54,2022,9446.6
54,2023,9450.6
54,2024,9400.2
55,1960,4612.8
55,1961,4640.0
55,1965,4108.2
55,1967,4167.8
55,1970,3417.0
55,1971,3496.6
55,1972,3667.4
55,1973,3820.6
55,1974,4074.0
55,1975,4183.6
55,1976,4225.6
55,1977,4332.0
55,1978,4521.8
55,1979,4663.4
55,1980,4812.4
55,1981,4949.8
55,1982,4981.8
55,1983,4906.4
55,1984,4818.4
55,1985,4698.8
55,1986,4567.0
55,1987,4490.6
55,1988,4486.0
55,1989,4522.8
55,1990,4590.6
55,1991,4609.8
55,1992,4581.2
55,1993,4623.2
55,1994,4702.8
55,1995,4683.2
55,1996,4698.8
55,1997,4917.8
55,1998,5064.8
55,1999,5210.6
55,2000,5420.6
55,2001,5505.8
55,2002,5582.4
55,2003,5715.6
55,2004,5834.6
55,2005,6008.6
55,2006,6180.6
55,2007,6386.8
55,2008,6580.0
55,2009,6793.8
55,2010,6980.4
55,2011,7238.2
55,2012,7519.4
55,2013,7770.4
55,2014,8102.4
55,2015,8436.0
55,2016,8735.6
55,2017,9020.6
55,2018,9218.0
55,2019,9339.0
55,2020,9400.0
55,2021,9391.4
55,2022,9446.6
55,2023,9450.6
55,2024,9400.2
56,1960,4238.8
56,1961,4263.8
56,1965,4301.0
56,1967,4363.6
56,1970,4175.2
56,1971,4129.2
56,1972,3927.2
56,1973,3635.0
56,1974,3381.2
56,1975,3242.6
56,1976,3314.6
56,1977,3472.4
56,1978,3622.0
56,1979,3855.6
56,1980,3949.8
56,1981,3974.8
56,1982,4059.0
56,1983,4216.6
56,1984,4354.6
56,1985,4518.6
56,1986,4669.8
56,1987,4716.6
56,1988,4660.2
56,1989,4593.4
56,1990,4466.4
56,1991,4343.8
56,1992,4283.0
56,1993,4284.0
56,1994,4319.8
56,1995,4409.2
56,1996,4452.4
56,1997,4437.2
56,1998,4494.2
56,1999,4576.0
56,2000,4566.0
56,2001,4461.6
56,2002,4633.6
56,2003,4782.4
56,2004,4969.6
56,2005,5193.0
56,2006,5411.0
56,2007,5495.2
56,2008,5623.2
56,2009,5741.2
56,2010,5933.2
56,2011,6118.2
56,2012,6351.4
56,2013,6568.0
56,2014,6826.0
56,2015,7074.0
56,2016,7383.4
56,2017,7683.0
56,2018,7946.8
56,2019,8226.0
56,2020,8509.8
56,2021,8771.8
56,2022,8954.0
56,2023,9135.4
56,2024,9235.6
57,1960,4238.8
57,1961,4263.8
57,1965,4301.0
57,1967,4363.6
57,1970,4175.2
57,1971,4129.2
57,1972,3927.2
57,1973,3635.0
57,1974,3381.2
57,1975,3242.6
57,1976,3314.6
57,1977,3472.4
57,1978,3622.0
57,1979,3855.6
57,1980,3949.8
57,1981,3974.8
57,1982,4059.0
57,1983,4216.6
57,1984,4354.6
57,1985,4518.6
57,1986,4669.8
57,1987,4716.6
57,1988,4660.2
57,1989,4593.4
57,1990,4466.4
57,1991,4343.8
57,1992,4283.0
57,1993,4284.0
57,1994,4319.8
57,1995,4409.2
57,1996,4452.4
57,1997,4437.2
57,1998,4494.2
57,1999,4576.0
57,2000,4566.0
57,2001,4461.6
57,2002,4633.6
57,2003,4782.4
57,2004,4969.6
57,2005,5193.0
57,2006,5411.0
57,2007,5495.2
57,2008,5623.2
57,2009,5741.2
57,2010,5933.2
57,2011,6118.2
57,2012,6351.4
57,2013,6568.0
57,2014,6826.0
57,2015,7074.0
57,2016,7383.4
57,2017,7683.0
57,2018,7946.8
57,2019,8226.0
57,2020,8509.8
57,2021,8771.8
57,2022,8954.0
57,2023,9135.4
57,2024,9235.6
58,1960,4238.8
58,1961,4263.8
58,1965,4301.0
58,1967,4363.6
58,1970,4175.2
58,1971,4129.2
58,1972,3927.2
58,1973,3635.0
58,1974,3381.2
58,1975,3242.6
58,1976,3314.6
58,1977,3472.4
58,1978,3622.0
58,1979,3855.6
58,1980,3949.8
58,1981,3974.8
58,1982,4059.0
58,1983,4216.6
58,1984,4354.6
58,1985,4518.6
58,1986,4669.8
58,1987,4716.6
58,1988,4660.2
58,1989,4593.4
58,1990,4466.4
58,1991,4343.8
58,1992,4283.0
58,1993,4284.0
58,1994,4319.8
58,1995,4409.2
58,1996,4452.4
58,1997,4437.2
58,1998,4494.2
58,1999,4576.0
58,2000,4566.0
58,2001,4461.6
58,2002,4633.6
58,2003,4782.4
58,2004,4969.6
58,2005,5193.0
58,2006,5411.0
58,2007,5495.2
58,2008,5623.2
58,2009,5741.2
58,2010,5933.2
58,2011,6118.2
58,2012,6351.4
58,2013,6568.0
58,2014,6826.0
58,2015,7074.0
58,2016,7383.4
58,2017,7683.0
58,2018,7946.8
58,2019,8226.0
58,2020,8509.8
58,2021,8771.8
58,2022,8954.0
58,2023,9135.4
58,2024,9235.6
59,1960,4238.8
59,1961,4263.8
59,1965,4301.0
59,1967,4363.6
59,1970,4175.2
59,1971,4129.2
59,1972,3927.2
59,1973,3635.0
59,1974,3381.2
59,1975,3242.6
59,1976,3314.6
59,1977,3472.4
59,1978,3622.0
59,1979,3855.6
59,1980,3949.8
59,1981,3974.8
59,1982,4059.0
59,1983,4216.6
59,1984,4354.6
59,1985,4518.6
59,1986,4669.8
59,1987,4716.6
59,1988,4660.2
59,1989,4593.4
59,1990,4466.4
59,1991,4343.8
59,1992,4283.0
59,1993,4284.0
59,1994,4319.8
59,1995,4409.2
59,1996,4452.4
59,1997,4437.2
59,1998,4494.2
59,1999,4576.0
59,2000,4566.0
59,2001,4461.6
59,2002,4633.6
59,2003,4782.4
59,2004,4969.6
59,2005,5193.0
59,2006,5411.0
59,2007,5495.2
59,2008,5623.2
59,2009,5741.2
59,2010,5933.2
59,2011,6118.2
59,2012,6351.4
59,2013,6568.0
59,2014,6826.0
59,2015,7074.0
59,2016,7383.4
59,2017,7683.0
59,2018,7946.8
59,2019,8226.0
59,2020,8509.8
59,2021,8771.8
59,2022,8954.0
59,2023,9135.4
59,2024,9235.6
60,1960,4238.8
60,1961,4263.8
60,1965,4301.0
60,1967,4363.6
60,1970,4175.2
60,1971,4129.2
60,1972,3927.2
60,1973,3635.0
60,1974,3381.2
60,1975,3242.6
60,1976,3314.6
60,1977,3472.4
60,1978,3622.0
60,1979,3855.6
60,1980,3949.8
60,1981,3974.8
60,1982,4059.0
60,1983,4216.6
60,1984,4354.6
60,1985,4518.6
60,1986,4669.8
60,1987,4716.6
60,1988,4660.2
60,1989,4593.4
60,1990,4466.4
60,1991,4343.8
60,1992,4283.0
60,1993,4284.0
60,1994,4319.8
60,1995,4409.2
60,1996,4452.4
60,1997,4437.2
60,1998,4494.2
60,1999,4576.0
60,2000,4566.0
60,2001,4461.6
60,2002,4633.6
60,2003,4782.4
60,2004,4969.6
60,2005,5193.0
60,2006,5411.0
60,2007,5495.2
60,2008,5623.2
60,2009,5741.2
60,2010,5933.2
60,2011,6118.2
60,2012,6351.4
60,2013,6568.0
60,2014,6826.0
60,2015,7074.0
60,2016,7383.4
60,2017,7683.0
60,2018,7946.8
60,2019,8226.0
60,2020,8509.8
60,2021,8771.8
60,2022,8954.0
60,2023,9135.4
60,2024,9235.6
61,1960,3470.8
61,1961,3491.2
61,1965,3887.0
61,1967,3943.6
61,1970,4025.2
61,1971,4015.6
61,1972,3970.6
61,1973,3964.2
61,1974,3909.4
61,1975,3885.4
61,1976,3775.4
61,1977,3584.6
61,1978,3322.2
61,1979,3089.2
61,1980,2974.0
61,1981,3052.4
61,1982,3201.6
61,1983,3319.4
61,1984,3538.4
61,1985,3627.2
61,1986,3649.0
61,1987,3746.4
61,1988,3913.0
61,1989,4033.0
61,1990,4188.8
61,1991,4342.6
61,1992,4400.8
61,1993,4359.0
61,1994,4301.8
61,1995,4208.8
61,1996,4099.4
61,1997,4035.4
61,1998,4054.4
61,1999,4090.0
61,2000,4185.8
61,2001,4099.0
61,2002,4091.4
61,2003,4153.8
61,2004,4193.0
61,2005,4181.8
61,2006,4225.8
61,2007,4393.0
61,2008,4548.0
61,2009,4758.0
61,2010,4951.8
61,2011,5195.8
61,2012,5263.8
61,2013,5418.4
61,2014,5581.2
61,2015,5784.2
61,2016,5960.4
61,2017,6282.6
61,2018,6466.0
61,2019,6686.2
61,2020,6895.0
61,2021,7102.2
61,2022,7355.0
61,2023,7630.8
61,2024,7897.0
62,1960,3470.8
62,1961,3491.2
62,1965,3887.0
62,1967,3943.6
62,1970,4025.2
62,1971,4015.6
62,1972,3970.6
62,1973,3964.2
62,1974,3909.4
62,1975,3885.4
62,1976,3775.4
62,1977,3584.6
62,1978,3322.2
62,1979,3089.2
62,1980,2974.0
62,1981,3052.4
62,1982,3201.6
62,1983,3319.4
62,1984,3538.4
62,1985,3627.2
62,1986,3649.0
62,1987,3746.4
62,1988,3913.0
62,1989,4033.0
62,1990,4188.8
62,1991,4342.6
62,1992,4400.8
62,1993,4359.0
62,1994,4301.8
62,1995,4208.8
62,1996,4099.4
62,1997,4035.4
62,1998,4054.4
62,1999,4090.0
62,2000,4185.8
62,2001,4099.0
62,2002,4091.4
62,2003,4153.8
62,2004,4193.0
62,2005,4181.8
62,2006,4225.8
62,2007,4393.0
62,2008,4548.0
62,2009,4758.0
62,2010,4951.8
62,2011,5195.8
62,2012,5263.8
62,2013,5418.4
62,2014,5581.2
62,2015,5784.2
62,2016,5960.4
62,2017,6282.6
62,2018,6466.0
62,2019,6686.2
62,2020,6895.0
62,2021,7102.2
62,2022,7355.0
62,2023,7630.8
62,2024,7897.0
63,1960,3470.8
63,1961,3491.2
63,1965,3887.0
63,1967,3943.6
63,1970,4025.2
63,1971,4015.6
63,1972,3970.6
63,1973,3964.2
63,1974,3909.4
63,1975,3885.4
63,1976,3775.4
63,1977,3584.6
63,1978,3322.2
63,1979,3089.2
63,1980,2974.0
63,1981,3052.4
63,1982,3201.6
63,1983,3319.4
63,1984,3538.4
63,1985,3627.2
63,1986,3649.0
63,1987,3746.4
63,1988,3913.0
63,1989,4033.0
63,1990,4188.8
63,1991,4342.6
63,1992,4400.8
63,1993,4359.0
63,1994,4301.8
63,1995,4208.8
63,1996,4099.4
63,1997,4035.4
63,1998,4054.4
63,1999,4090.0
63,2000,4185.8
63,2001,4099.0
63,2002,4091.4
63,2003,4153.8
63,2004,4193.0
63,2005,4181.8
63,2006,4225.8
63,2007,4393.0
63,2008,4548.0
63,2009,4758.0
63,2010,4951.8
63,2011,5195.8
63,2012,5263.8
63,2013,5418.4
63,2014,5581.2
63,2015,5784.2
63,2016,5960.4
63,2017,6282.6
63,2018,6466.0
63,2019,6686.2
63,2020,6895.0
63,2021,7102.2
63,2022,7355.0
63,2023,7630.8
63,2024,7897.0
64,1960,3470.8
64,1961,3491.2
64,1965,3887.0
64,1967,3943.6
64,1970,4025.2
64,1971,4015.6
64,1972,3970.6
64,1973,3964.2
64,1974,3909.4
64,1975,3885.4
64,1976,3775.4
64,1977,3584.6
64,1978,3322.2
64,1979,3089.2
64,1980,2974.0
64,1981,3052.4
64,1982,3201.6
64,1983,3319.4
64,1984,3538.4
64,1985,3627.2
64,1986,3649.0
64,1987,3746.4
64,1988,3913.0
64,1989,4033.0
64,1990,4188.8
64,1991,4342.6
64,1992,4400.8
64,1993,4359.0
64,1994,4301.8
64,1995,4208.8
64,1996,4099.4
64,1997,4035.4
64,1998,4054.4
64,1999,4090.0
64,2000,4185.8
64,2001,4099.0
64,2002,4091.4
64,2003,4153.8
64,2004,4193.0
64,2005,4181.8
64,2006,4225.8
64,2007,4393.0
64,2008,4548.0
64,2009,4758.0
64,2010,4951.8
64,2011,5195.8
64,2012,5263.8
64,2013,5418.4
64,2014,5581.2
64,2015,5784.2
64,2016,5960.4
64,2017,6282.6
64,2018,6466.0
64,2019,6686.2
64,2020,6895.0
64,2021,7102.2
64,2022,7355.0
64,2023,7630.8
64,2024,7897.0
65,1960,3470.8
65,1961,3491.2
65,1965,3887.0
65,1967,3943.6
65,1970,4025.2
65,1971,4015.6
65,1972,3970.6
65,1973,3964.2
65,1974,3909.4
65,1975,3885.4
65,1976,3775.4
65,1977,3584.6
65,1978,3322.2
65,1979,3089.2
65,1980,2974.0
65,1981,3052.4
65,1982,3201.6
65,1983,3319.4
65,1984,3538.4
65,1985,3627.2
65,1986,3649.0
65,1987,3746.4
65,1988,3913.0
65,1989,4033.0
65,1990,4188.8
65,1991,4342.6
65,1992,4400.8
65,1993,4359.0
65,1994,4301.8
65,1995,4208.8
65,1996,4099.4
65,1997,4035.4
65,1998,4054.4
65,1999,4090.0
65,2000,4185.8
65,2001,4099.0
65,2002,4091.4
65,2003,4153.8
65,2004,4193.0
65,2005,4181.8
65,2006,4225.8
65,2007,4393.0
65,2008,4548.0
65,2009,4758.0
65,2010,4951.8
65,2011,5195.8
65,2012,5263.8
65,2013,5418.4
65,2014,5581.2
65,2015,5784.2
65,2016,5960.4
65,2017,6282.6
65,2018,6466.0
65,2019,6686.2
65,2020,6895.0
65,2021,7102.2
65,2022,7355.0
65,2023,7630.8
65,2024,7897.0
66,1960,2630.0
66,1961,2645.4
66,1965,3126.0
66,1967,3171.8
66,1970,3377.6
66,1971,3411.0
66,1972,3419.0
66,1973,3439.6
66,1974,3482.6
66,1975,3501.0
66,1976,3501.6
66,1977,3474.0
66,1978,3480.0
66,1979,3444.4
66,1980,3426.6
66,1981,3349.4
66,1982,3194.0
66,1983,2968.4
66,1984,2758.4
66,1985,2649.6
66,1986,2725.0
66,1987,2860.4
66,1988,2987.6
66,1989,3188.0
66,1990,3287.4
66,1991,3313.8
66,1992,3412.2
66,1993,3571.0
66,1994,3686.6
66,1995,3857.8
66,1996,3988.4
66,1997,4054.6
66,1998,4025.8
66,1999,3970.2
66,2000,3883.8
66,2001,3726.8
66,2002,3669.8
66,2003,3669.0
66,2004,3707.4
66,2005,3789.8
66,2006,3830.8
66,2007,3815.4
66,2008,3858.8
66,2009,3900.8
66,2010,3905.6
66,2011,3945.2
66,2012,4126.6
66,2013,4290.0
66,2014,4489.8
66,2015,4722.4
66,2016,4952.0
66,2017,5114.4
66,2018,5229.4
66,2019,5342.4
66,2020,5502.0
66,2021,5634.0
66,2022,5856.4
66,2023,6059.0
66,2024,6229.2
67,1960,2630.0
67,1961,2645.4
67,1965,3126.0
67,1967,3171.8
67,1970,3377.6
67,1971,3411.0
67,1972,3419.0
67,1973,3439.6
67,1974,3482.6
67,1975,3501.0
67,1976,3501.6
67,1977,3474.0
67,1978,3480.0
67,1979,3444.4
67,1980,3426.6
67,1981,3349.4
67,1982,3194.0
67,1983,2968.4
67,1984,2758.4
67,1985,2649.6
67,1986,2725.0
67,1987,2860.4
67,1988,2987.6
67,1989,3188.0
67,1990,3287.4
67,1991,3313.8
67,1992,3412.2
67,1993,3571.0
67,1994,3686.6
67,1995,3857.8
67,1996,3988.4
67,1997,4054.6
67,1998,4025.8
67,1999,3970.2
67,2000,3883.8
67,2001,3726.8
67,2002,3669.8
67,2003,3669.0
67,2004,3707.4
67,2005,3789.8
67,2006,3830.8
67,2007,3815.4
67,2008,3858.8
67,2009,3900.8
67,2010,3905.6
67,2011,3945.2
67,2012,4126.6
67,2013,4290.0
67,2014,4489.8
67,2015,4722.4
67,2016,4952.0
67,2017,5114.4
67,2018,5229.4
67,2019,5342.4
67,2020,5502.0
67,2021,5634.0
67,2022,5856.4
67,2023,6059.0
67,2024,6229.2
68,1960,2630.0
68,1961,2645.4
68,1965,3126.0
68,1967,3171.8
68,1970,3377.6
68,1971,3411.0
68,1972,3419.0
68,1973,3439.6
68,1974,3482.6
68,1975,3501.0
68,1976,3501.6
68,1977,3474.0
68,1978,3480.0
68,1979,3444.4
68,1980,3426.6
68,1981,3349.4
68,1982,3194.0
68,1983,2968.4
68,1984,2758.4
68,1985,2649.6
68,1986,2725.0
68,1987,2860.4
68,1988,2987.6
68,1989,3188.0
68,1990,3287.4
68,1991,3313.8
68,1992,3412.2
68,1993,3571.0
68,1994,3686.6
68,1995,3857.8
68,1996,3988.4
68,1997,4054.6
68,1998,4025.8
68,1999,3970.2
68,2000,3883.8
68,2001,3726.8
68,2002,3669.8
68,2003,3669.0
68,2004,3707.4
68,2005,3789.8
68,2006,3830.8
68,2007,3815.4
68,2008,3858.8
68,2009,3900.8
68,2010,3905.6
68,2011,3945.2
68,2012,4126.6
68,2013,4290.0
68,2014,4489.8
68,2015,4722.4
68,2016,4952.0
68,2017,5114.4
68,2018,5229.4
68,2019,5342.4
68,2020,5502.0
68,2021,5634.0
68,2022,5856.4
68,2023,6059.0
68,2024,6229.2
69,1960,2630.0
69,1961,2645.4
69,1965,3126.0
69,1967,3171.8
69,1970,3377.6
69,1971,3411.0
69,1972,3419.0
69,1973,3439.6
69,1974,3482.6
69,1975,3501.0
69,1976,3501.6
69,1977,3474.0
69,1978,3480.0
69,1979,3444.4
69,1980,3426.6
69,1981,3349.4
69,1982,3194.0
69,1983,2968.4
69,1984,2758.4
69,1985,2649.6
69,1986,2725.0
69,1987,2860.4
69,1988,2987.6
69,1989,3188.0
69,1990,3287.4
69,1991,3313.8
69,1992,3412.2
69,1993,3571.0
69,1994,3686.6
69,1995,3857.8
69,1996,3988.4
69,1997,4054.6
69,1998,4025.8
69,1999,3970.2
69,2000,3883.8
69,2001,3726.8
69,2002,3669.8
69,2003,3669.0
69,2004,3707.4
69,2005,3789.8
69,2006,3830.8
69,2007,3815.4
69,2008,3858.8
69,2009,3900.8
69,2010,3905.6
69,2011,3945.2
69,2012,4126.6
69,2013,4290.0
69,2014,4489.8
69,2015,4722.4
69,2016,4952.0
69,2017,5114.4
69,2018,5229.4
69,2019,5342.4
69,2020,5502.0
69,2021,5634.0
69,2022,5856.4
69,2023,6059.0
69,2024,6229.2
70,1960,2630.0
70,1961,2645.4
70,1965,3126.0
70,1967,3171.8
70,1970,3377.6
70,1971,3411.0
70,1972,3419.0
70,1973,3439.6
70,1974,3482.6
70,1975,3501.0
70,1976,3501.6
70,1977,3474.0
70,1978,3480.0
70,1979,3444.4
70,1980,3426.6
70,1981,3349.4
70,1982,3194.0
70,1983,2968.4
70,1984,2758.4
70,1985,2649.6
70,1986,2725.0
70,1987,2860.4
70,1988,2987.6
70,1989,3188.0
70,1990,3287.4
70,1991,3313.8
70,1992,3412.2
70,1993,3571.0
70,1994,3686.6
70,1995,3857.8
70,1996,3988.4
70,1997,4054.6
70,1998,4025.8
70,1999,3970.2
70,2000,3883.8
70,2001,3726.8
70,2002,3669.8
70,2003,3669.0
70,2004,3707.4
70,2005,3789.8
70,2006,3830.8
70,2007,3815.4
70,2008,3858.8
70,2009,3900.8
70,2010,3905.6
70,2011,3945.2
70,2012,4126.6
70,2013,4290.0
70,2014,4489.8
70,2015,4722.4
70,2016,4952.0
70,2017,5114.4
70,2018,5229.4
70,2019,5342.4
70,2020,5502.0
70,2021,5634.0
70,2022,5856.4
70,2023,6059.0
70,2024,6229.2
71,1960,1893.8
71,1961,1905.0
71,1965,2168.6
71,1967,2200.6
71,1970,2414.8
71,1971,2463.6
71,1972,2549.6
71,1973,2634.4
71,1974,2680.0
71,1975,2706.2
71,1976,2736.0
71,1977,2741.8
71,1978,2792.4
71,1979,2863.6
71,1980,2906.0
71,1981,2922.4
71,1982,2921.0
71,1983,2929.6
71,1984,2907.8
71,1985,2910.2
71,1986,2854.2
71,1987,2726.4
71,1988,2548.0
71,1989,2388.8
71,1990,2278.8
71,1991,2352.8
71,1992,2485.6
71,1993,2601.4
71,1994,2802.8
71,1995,2892.2
71,1996,2925.6
71,1997,3024.8
71,1998,3160.4
71,1999,3271.2
71,2000,3428.8
71,2001,3484.0
71,2002,3571.0
71,2003,3544.6
71,2004,3506.6
71,2005,3449.6
71,2006,3371.2
71,2007,3337.8
71,2008,3341.6
71,2009,3394.2
71,2010,3467.6
71,2011,3505.8
71,2012,3525.0
71,2013,3583.0
71,2014,3660.6
71,2015,3684.2
71,2016,3720.8
71,2017,3905.4
71,2018,4045.6
71,2019,4214.8
71,2020,4412.0
71,2021,4600.8
71,2022,4675.2
71,2023,4815.0
71,2024,4942.6
72,1960,1893.8
72,1961,1905.0
72,1965,2168.6
72,1967,2200.6
72,1970,2414.8
72,1971,2463.6
72,1972,2549.6
72,1973,2634.4
72,1974,2680.0
72,1975,2706.2
72,1976,2736.0
72,1977,2741.8
72,1978,2792.4
72,1979,2863.6
72,1980,2906.0
72,1981,2922.4
72,1982,2921.0
72,1983,2929.6
72,1984,2907.8
72,1985,2910.2
72,1986,2854.2
72,1987,2726.4
72,1988,2548.0
72,1989,2388.8
72,1990,2278.8
72,1991,2352.8
72,1992,2485.6
72,1993,2601.4
72,1994,2802.8
72,1995,2892.2
72,1996,2925.6
72,1997,3024.8
72,1998,3160.4
72,1999,3271.2
72,2000,3428.8
72,2001,3484.0
72,2002,3571.0
72,2003,3544.6
72,2004,3506.6
72,2005,3449.6
72,2006,3371.2
72,2007,3337.8
72,2008,3341.6
72,2009,3394.2
72,2010,3467.6
72,2011,3505.8
72,2012,3525.0
72,2013,3583.0
72,2014,3660.6
72,2015,3684.2
72,2016,3720.8
72,2017,3905.4
72,2018,4045.6
72,2019,4214.8
72,2020,4412.0
72,2021,4600.8
72,2022,4675.2
72,2023,4815.0
72,2024,4942.6
73,1960,1893.8
73,1961,1905.0
73,1965,2168.6
73,1967,2200.6
73,1970,2414.8
73,1971,2463.6
73,1972,2549.6
73,1973,2634.4
73,1974,2680.0
73,1975,2706.2
73,1976,2736.0
73,1977,2741.8
73,1978,2792.4
73,1979,2863.6
73,1980,2906.0
73,1981,2922.4
73,1982,2921.0
73,1983,2929.6
73,1984,2907.8
73,1985,2910.2
73,1986,2854.2
73,1987,2726.4
73,1988,2548.0
73,1989,2388.8
73,1990,2278.8
73,1991,2352.8
73,1992,2485.6
73,1993,2601.4
73,1994,2802.8
73,1995,2892.2
73,1996,2925.6
73,1997,3024.8
73,1998,3160.4
73,1999,3271.2
73,2000,3428.8
73,2001,3484.0
73,2002,3571.0
73,2003,3544.6
73,2004,3506.6
73,2005,3449.6
73,2006,3371.2
73,2007,3337.8
73,2008,3341.6
73,2009,3394.2
73,2010,3467.6
73,2011,3505.8
73,2012,3525.0
73,2013,3583.0
73,2014,3660.6
73,2015,3684.2
73,2016,3720.8
73,2017,3905.4
73,2018,4045.6
73,2019,4214.8
73,2020,4412.0
73,2021,4600.8
73,2022,4675.2
73,2023,4815.0
73,2024,4942.6
74,1960,1893.8
74,1961,1905.0
74,1965,2168.6
74,1967,2200.6
74,1970,2414.8
74,1971,2463.6
74,1972,2549.6
74,1973,2634.4
74,1974,2680.0
74,1975,2706.2
74,1976,2736.0
74,1977,2741.8
74,1978,2792.4
74,1979,2863.6
74,1980,2906.0
74,1981,2922.4
74,1982,2921.0
74,1983,2929.6
74,1984,2907.8
74,1985,2910.2
74,1986,2854.2
74,1987,2726.4
74,1988,2548.0
74,1989,2388.8
74,1990,2278.8
74,1991,2352.8
74,1992,2485.6
74,1993,2601.4
74,1994,2802.8
74,1995,2892.2
74,1996,2925.6
74,1997,3024.8
74,1998,3160.4
74,1999,3271.2
74,2000,3428.8
74,2001,3484.0
74,2002,3571.0
74,2003,3544.6
74,2004,3506.6
74,2005,3449.6
74,2006,3371.2
74,2007,3337.8
74,2008,3341.6
74,2009,3394.2
74,2010,3467.6
74,2011,3505.8
74,2012,3525.0
74,2013,3583.0
74,2014,3660.6
74,2015,3684.2
74,2016,3720.8
74,2017,3905.4
74,2018,4045.6
74,2019,4214.8
74,2020,4412.0
74,2021,4600.8
74,2022,4675.2
74,2023,4815.0
74,2024,4942.6
75,1960,1893.8
75,1961,1905.0
75,1965,2168.6
75,1967,2200.6
75,1970,2414.8
75,1971,2463.6
75,1972,2549.6
75,1973,2634.4
75,1974,2680.0
75,1975,2706.2
75,1976,2736.0
75,1977,2741.8
75,1978,2792.4
75,1979,2863.6
75,1980,2906.0
75,1981,2922.4
75,1982,2921.0
75,1983,2929.6
75,1984,2907.8
75,1985,2910.2
75,1986,2854.2
75,1987,2726.4
75,1988,2548.0
75,1989,2388.8
75,1990,2278.8
75,1991,2352.8
75,1992,2485.6
75,1993,2601.4
75,1994,2802.8
75,1995,2892.2
75,1996,2925.6
75,1997,3024.8
75,1998,3160.4
75,1999,3271.2
75,2000,3428.8
75,2001,3484.0
75,2002,3571.0
75,2003,3544.6
75,2004,3506.6
75,2005,3449.6
75,2006,3371.2
75,2007,3337.8
75,2008,3341.6
75,2009,3394.2
75,2010,3467.6
75,2011,3505.8
75,2012,3525.0
75,2013,3583.0
75,2014,3660.6
75,2015,3684.2
75,2016,3720.8
75,2017,3905.4
75,2018,4045.6
75,2019,4214.8
75,2020,4412.0
75,2021,4600.8
75,2022,4675.2
75,2023,4815.0
75,2024,4942.6
76,1960,1270.8
76,1961,1278.2
76,1965,1378.6
76,1967,1399.0
76,1970,1469.8
76,1971,1518.6
76,1972,1562.8
76,1973,1623.8
76,1974,1670.6
76,1975,1724.0
76,1976,1781.6
76,1977,1835.4
76,1978,1897.6
76,1979,1923.6
76,1980,1995.0
76,1981,2027.8
76,1982,2065.6
76,1983,2115.6
76,1984,2177.0
76,1985,2211.2
76,1986,2238.0
76,1987,2250.0
76,1988,2279.8
76,1989,2267.8
76,1990,2276.4
76,1991,2263.0
76,1992,2172.0
76,1993,2024.2
76,1994,1882.6
76,1995,1821.2
76,1996,1907.0
76,1997,2029.4
76,1998,2142.2
76,1999,2303.6
76,2000,2396.0
76,2001,2379.6
76,2002,2466.6
76,2003,2607.2
76,2004,2690.8
76,2005,2824.0
76,2006,2957.0
76,2007,3043.2
76,2008,3027.0
76,2009,3018.4
76,2010,2988.4
76,2011,2937.4
76,2012,2899.4
76,2013,2930.0
76,2014,2987.0
76,2015,3102.6
76,2016,3151.2
76,2017,3171.0
76,2018,3215.4
76,2019,3252.0
76,2020,3258.4
76,2021,3287.4
76,2022,3427.2
76,2023,3580.8
76,2024,3732.2
77,1960,1270.8
77,1961,1278.2
77,1965,1378.6
77,1967,1399.0
77,1970,1469.8
77,1971,1518.6
77,1972,1562.8
77,1973,1623.8
77,1974,1670.6
77,1975,1724.0
77,1976,1781.6
77,1977,1835.4
77,1978,1897.6
77,1979,1923.6
77,1980,1995.0
77,1981,2027.8
77,1982,2065.6
77,1983,2115.6
77,1984,2177.0
77,1985,2211.2
77,1986,2238.0
77,1987,2250.0
77,1988,2279.8
77,1989,2267.8
77,1990,2276.4
77,1991,2263.0
77,1992,2172.0
77,1993,2024.2
77,1994,1882.6
77,1995,1821.2
77,1996,1907.0
77,1997,2029.4
77,1998,2142.2
77,1999,2303.6
77,2000,2396.0
77,2001,2379.6
77,2002,2466.6
77,2003,2607.2
77,2004,2690.8
77,2005,2824.0
77,2006,2957.0
77,2007,3043.2
77,2008,3027.0
77,2009,3018.4
77,2010,2988.4
77,2011,2937.4
77,2012,2899.4
77,2013,2930.0
77,2014,2987.0
77,2015,3102.6
77,2016,3151.2
77,2017,3171.0
77,2018,3215.4
77,2019,3252.0
77,2020,3258.4
77,2021,3287.4
77,2022,3427.2
77,2023,3580.8
77,2024,3732.2
78,1960,1270.8
78,1961,1278.2
78,1965,1378.6
78,1967,1399.0
78,1970,1469.8
78,1971,1518.6
78,1972,1562.8
78,1973,1623.8
78,1974,1670.6
78,1975,1724.0
78,1976,1781.6
78,1977,1835.4
78,1978,1897.6
78,1979,1923.6
78,1980,1995.0
78,1981,2027.8
78,1982,2065.6
78,1983,2115.6
78,1984,2177.0
78,1985,2211.2
78,1986,2238.0
78,1987,2250.0
78,1988,2279.8
78,1989,2267.8
78,1990,2276.4
78,1991,2263.0
78,1992,2172.0
78,1993,2024.2
78,1994,1882.6
78,1995,1821.2
78,1996,1907.0
78,1997,2029.4
78,1998,2142.2
78,1999,2303.6
78,2000,2396.0
78,2001,2379.6
78,2002,2466.6
78,2003,2607.2
78,2004,2690.8
78,2005,2824.0
78,2006,2957.0
78,2007,3043.2
78,2008,3027.0
78,2009,3018.4
78,2010,2988.4
78,2011,2937.4
78,2012,2899.4
78,2013,2930.0
78,2014,2987.0
78,2015,3102.6
78,2016,3151.2
78,2017,3171.0
78,2018,3215.4
78,2019,3252.0
78,2020,3258.4
78,2021,3287.4
78,2022,3427.2
78,2023,3580.8
78,2024,3732.2
79,1960,1270.8
79,1961,1278.2
79,1965,1378.6
79,1967,1399.0
79,1970,1469.8
79,1971,1518.6
79,1972,1562.8
79,1973,1623.8
79,1974,1670.6
79,1975,1724.0
79,1976,1781.6
79,1977,1835.4
79,1978,1897.6
79,1979,1923.6
79,1980,1995.0
79,1981,2027.8
79,1982,2065.6
79,1983,2115.6
79,1984,2177.0
79,1985,2211.2
79,1986,2238.0
79,1987,2250.0
79,1988,2279.8
79,1989,2267.8
79,1990,2276.4
79,1991,2263.0
79,1992,2172.0
79,1993,2024.2
79,1994,1882.6
79,1995,1821.2
79,1996,1907.0
79,1997,2029.4
79,1998,2142.2
79,1999,2303.6
79,2000,2396.0
79,2001,2379.6
79,2002,2466.6
79,2003,2607.2
79,2004,2690.8
79,2005,2824.0
79,2006,2957.0
79,2007,3043.2
79,2008,3027.0
79,2009,3018.4
79,2010,2988.4
79,2011,2937.4
79,2012,2899.4
79,2013,2930.0
79,2014,2987.0
79,2015,3102.6
79,2016,3151.2
79,2017,3171.0
79,2018,3215.4
79,2019,3252.0
79,2020,3258.4
79,2021,3287.4
79,2022,3427.2
79,2023,3580.8
79,2024,3732.2
80,1960,1270.8
80,1961,1278.2
80,1965,1378.6
80,1967,1399.0
80,1970,1469.8
80,1971,1518.6
80,1972,1562.8
80,1973,1623.8
80,1974,1670.6
80,1975,1724.0
80,1976,1781.6
80,1977,1835.4
80,1978,1897.6
80,1979,1923.6
80,1980,1995.0
80,1981,2027.8
80,1982,2065.6
80,1983,2115.6
80,1984,2177.0
80,1985,2211.2
80,1986,2238.0
80,1987,2250.0
80,1988,2279.8
80,1989,2267.8
80,1990,2276.4
80,1991,2263.0
80,1992,2172.0
80,1993,2024.2
80,1994,1882.6
80,1995,1821.2
80,1996,1907.0
80,1997,2029.4
80,1998,2142.2
80,1999,2303.6
80,2000,2396.0
80,2001,2379.6
80,2002,2466.6
80,2003,2607.2
80,2004,2690.8
80,2005,2824.0
80,2006,2957.0
80,2007,3043.2
80,2008,3027.0
80,2009,3018.4
80,2010,2988.4
80,2011,2937.4
80,2012,2899.4
80,2013,2930.0
80,2014,2987.0
80,2015,3102.6
80,2016,3151.2
80,2017,3171.0
80,2018,3215.4
80,2019,3252.0
80,2020,3258.4
80,2021,3287.4
80,2022,3427.2
80,2023,3580.8
80,2024,3732.2
81,1961,682.8
81,1971,780.4
81,1972,789.0
81,1973,808.2
81,1974,845.2
81,1975,883.8
81,1976,910.8
81,1977,942.4
81,1978,982.2
81,1979,1000.6
81,1980,975.2
81,1981,1008.4
81,1982,1046.2
81,1983,1089.6
81,1984,1137.8
81,1985,1156.8
81,1986,1189.4
81,1987,1222.4
81,1988,1283.8
81,1989,1341.8
81,1990,1413.0
81,1991,1464.8
81,1992,1561.2
81,1993,1599.0
81,1994,1612.8
81,1995,1624.2
81,1996,1602.0
81,1997,1526.6
81,1998,1433.6
81,1999,1356.2
81,2000,1311.2
81,2001,1356.6
81,2002,1454.4
81,2003,1551.6
81,2004,1674.0
81,2005,1774.8
81,2006,1815.0
81,2007,1886.6
81,2008,1988.8
81,2009,2067.0
81,2010,2178.6
81,2011,2296.6
81,2012,2368.2
81,2013,2388.2
81,2014,2407.4
81,2015,2398.2
81,2016,2389.0
81,2017,2362.4
81,2018,2400.4
81,2019,2454.0
81,2020,2533.6
81,2021,2556.4
81,2022,2561.4
81,2023,2605.4
81,2024,2639.6
82,1961,682.8
82,1971,780.4
82,1972,789.0
82,1973,808.2
82,1974,845.2
82,1975,883.8
82,1976,910.8
82,1977,942.4
82,1978,982.2
82,1979,1000.6
82,1980,975.2
82,1981,1008.4
82,1982,1046.2
82,1983,1089.6
82,1984,1137.8
82,1985,1156.8
82,1986,1189.4
82,1987,1222.4
82,1988,1283.8
82,1989,1341.8
82,1990,1413.0
82,1991,1464.8
82,1992,1561.2
82,1993,1599.0
82,1994,1612.8
82,1995,1624.2
82,1996,1602.0
82,1997,1526.6
82,1998,1433.6
82,1999,1356.2
82,2000,1311.2
82,2001,1356.6
82,2002,1454.4
82,2003,1551.6
82,2004,1674.0
82,2005,1774.8
82,2006,1815.0
82,2007,1886.6
82,2008,1988.8
82,2009,2067.0
82,2010,2178.6
82,2011,2296.6
82,2012,2368.2
82,2013,2388.2
82,2014,2407.4
82,2015,2398.2
82,2016,2389.0
82,2017,2362.4
82,2018,2400.4
82,2019,2454.0
82,2020,2533.6
82,2021,2556.4
82,2022,2561.4
82,2023,2605.4
82,2024,2639.6
83,1961,682.8
83,1971,780.4
83,1972,789.0
83,1973,808.2
83,1974,845.2
83,1975,883.8
83,1976,910.8
83,1977,942.4
83,1978,982.2
83,1979,1000.6
83,1980,975.2
83,1981,1008.4
83,1982,1046.2
83,1983,1089.6
83,1984,1137.8
83,1985,1156.8
83,1986,1189.4
83,1987,1222.4
83,1988,1283.8
83,1989,1341.8
83,1990,1413.0
83,1991,1464.8
83,1992,1561.2
83,1993,1599.0
83,1994,1612.8
83,1995,1624.2
83,1996,1602.0
83,1997,1526.6
83,1998,1433.6
83,1999,1356.2
83,2000,1311.2
83,2001,1356.6
83,2002,1454.4
83,2003,1551.6
83,2004,1674.0
83,2005,1774.8
83,2006,1815.0
83,2007,1886.6
83,2008,1988.8
83,2009,2067.0
83,2010,2178.6
83,2011,2296.6
83,2012,2368.2
83,2013,2388.2
83,2014,2407.4
83,2015,2398.2
83,2016,2389.0
83,2017,2362.4
83,2018,2400.4
83,2019,2454.0
83,2020,2533.6
83,2021,2556.4
83,2022,2561.4
83,2023,2605.4
83,2024,2639.6
84,1961,682.8
84,1971,780.4
84,1972,789.0
84,1973,808.2
84,1974,845.2
84,1975,883.8
84,1976,910.8
84,1977,942.4
84,1978,982.2
84,1979,1000.6
84,1980,975.2
84,1981,1008.4
84,1982,1046.2
84,1983,1089.6
84,1984,1137.8
84,1985,1156.8
84,1986,1189.4
84,1987,1222.4
84,1988,1283.8
84,1989,1341.8
84,1990,1413.0
84,1991,1464.8
84,1992,1561.2
84,1993,1599.0
84,1994,1612.8
84,1995,1624.2
84,1996,1602.0
84,1997,1526.6
84,1998,1433.6
84,1999,1356.2
84,2000,1311.2
84,2001,1356.6
84,2002,1454.4
84,2003,1551.6
84,2004,1674.0
84,2005,1774.8
84,2006,1815.0
84,2007,1886.6
84,2008,1988.8
84,2009,2067.0
84,2010,2178.6
84,2011,2296.6
84,2012,2368.2
84,2013,2388.2
84,2014,2407.4
84,2015,2398.2
84,2016,2389.0
84,2017,2362.4
84,2018,2400.4
84,2019,2454.0
84,2020,2533.6
84,2021,2556.4
84,2022,2561.4
84,2023,2605.4
84,2024,2639.6
85,1961,682.8
85,1971,780.4
85,1972,789.0
85,1973,808.2
85,1974,845.2
85,1975,883.8
85,1976,910.8
85,1977,942.4
85,1978,982.2
85,1979,1000.6
85,1980,975.2
85,1981,1008.4
85,1982,1046.2
85,1983,1089.6
85,1984,1137.8
85,1985,1156.8
85,1986,1189.4
85,1987,1222.4
85,1988,1283.8
85,1989,1341.8
85,1990,1413.0
85,1991,1464.8
85,1992,1561.2
85,1993,1599.0
85,1994,1612.8
85,1995,1624.2
85,1996,1602.0
85,1997,1526.6
85,1998,1433.6
85,1999,1356.2
85,2000,1311.2
85,2001,1356.6
85,2002,1454.4
85,2003,1551.6
85,2004,1674.0
85,2005,1774.8
85,2006,1815.0
85,2007,1886.6
85,2008,1988.8
85,2009,2067.0
85,2010,2178.6
85,2011,2296.6
85,2012,2368.2
85,2013,2388.2
85,2014,2407.4
85,2015,2398.2
85,2016,2389.0
85,2017,2362.4
85,2018,2400.4
85,2019,2454.0
85,2020,2533.6
85,2021,2556.4
85,2022,2561.4
85,2023,2605.4
85,2024,2639.6
86,1961,280.2
86,1971,394.2
86,1972,413.8
86,1973,440.0
86,1974,453.8
86,1975,469.4
86,1976,488.0
86,1977,496.8
86,1978,532.4
86,1979,578.2
86,1980,622.2
86,1981,643.4
86,1982,666.4
86,1983,695.4
86,1984,723.4
86,1985,738.6
86,1986,762.2
86,1987,785.4
86,1988,824.0
86,1989,863.4
86,1990,907.2
86,1991,941.2
86,1992,919.8
86,1993,971.0
86,1994,1034.8
86,1995,1100.2
86,1996,1175.0
86,1997,1216.6
86,1998,1272.8
86,1999,1310.8
86,2000,1361.0
86,2001,1240.6
86,2002,1222.6
86,2003,1205.4
86,2004,1148.8
86,2005,1152.8
86,2006,1226.0
86,2007,1282.8
86,2008,1322.4
86,2009,1398.0
86,2010,1469.0
86,2011,1531.8
86,2012,1733.0
86,2013,1820.2
86,2014,1930.0
86,2015,2060.6
86,2016,2178.4
86,2017,2273.0
86,2018,2350.8
86,2019,2402.4
86,2020,2451.4
86,2021,2468.8
86,2022,2519.6
86,2023,2583.8
86,2024,2662.4
87,1961,280.2
87,1971,394.2
87,1972,413.8
87,1973,440.0
87,1974,453.8
87,1975,469.4
87,1976,488.0
87,1977,496.8
87,1978,532.4
87,1979,578.2
87,1980,622.2
87,1981,643.4
87,1982,666.4
87,1983,695.4
87,1984,723.4
87,1985,738.6
87,1986,762.2
87,1987,785.4
87,1988,824.0
87,1989,863.4
87,1990,907.2
87,1991,941.2
87,1992,919.8
87,1993,971.0
87,1994,1034.8
87,1995,1100.2
87,1996,1175.0
87,1997,1216.6
87,1998,1272.8
87,1999,1310.8
87,2000,1361.0
87,2001,1240.6
87,2002,1222.6
87,2003,1205.4
87,2004,1148.8
87,2005,1152.8
87,2006,1226.0
87,2007,1282.8
87,2008,1322.4
87,2009,1398.0
87,2010,1469.0
87,2011,1531.8
87,2012,1733.0
87,2013,1820.2
87,2014,1930.0
87,2015,2060.6
87,2016,2178.4
87,2017,2273.0
87,2018,2350.8
87,2019,2402.4
87,2020,2451.4
87,2021,2468.8
87,2022,2519.6
87,2023,2583.8
87,2024,2662.4
88,1961,280.2
88,1971,394.2
88,1972,413.8
88,1973,440.0
88,1974,453.8
88,1975,469.4
88,1976,488.0
88,1977,496.8
88,1978,532.4
88,1979,578.2
88,1980,622.2
88,1981,643.4
88,1982,666.4
88,1983,695.4
88,1984,723.4
88,1985,738.6
88,1986,762.2
88,1987,785.4
88,1988,824.0
88,1989,863.4
88,1990,907.2
88,1991,941.2
88,1992,919.8
88,1993,971.0
88,1994,1034.8
88,1995,1100.2
88,1996,1175.0
88,1997,1216.6
88,1998,1272.8
88,1999,1310.8
88,2000,1361.0
88,2001,1240.6
88,2002,1222.6
88,2003,1205.4
88,2004,1148.8
88,2005,1152.8
88,2006,1226.0
88,2007,1282.8
88,2008,1322.4
88,2009,1398.0
88,2010,1469.0
88,2011,1531.8
88,2012,1733.0
88,2013,1820.2
88,2014,1930.0
88,2015,2060.6
88,2016,2178.4
88,2017,2273.0
88,2018,2350.8
88,2019,2402.4
88,2020,2451.4
88,2021,2468.8
88,2022,2519.6
88,2023,2583.8
88,2024,2662.4
89,1961,280.2
89,1971,394.2
89,1972,413.8
89,1973,440.0
89,1974,453.8
89,1975,469.4
89,1976,488.0
89,1977,496.8
89,1978,532.4
89,1979,578.2
89,1980,622.2
89,1981,643.4
89,1982,666.4
89,1983,695.4
89,1984,723.4
89,1985,738.6
89,1986,762.2
89,1987,785.4
89,1988,824.0
89,1989,863.4
89,1990,907.2
89,1991,941.2
89,1992,919.8
89,1993,971.0
89,1994,1034.8
89,1995,1100.2
89,1996,1175.0
89,1997,1216.6
89,1998,1272.8
89,1999,1310.8
89,2000,1361.0
89,2001,1240.6
89,2002,1222.6
89,2003,1205.4
89,2004,1148.8
89,2005,1152.8
89,2006,1226.0
89,2007,1282.8
89,2008,1322.4
89,2009,1398.0
89,2010,1469.0
89,2011,1531.8
89,2012,1733.0
89,2013,1820.2
89,2014,1930.0
89,2015,2060.6
89,2016,2178.4
89,2017,2273.0
89,2018,2350.8
89,2019,2402.4
89,2020,2451.4
89,2021,2468.8
89,2022,2519.6
89,2023,2583.8
89,2024,2662.4
90,1961,280.2
90,1971,394.2
90,1972,413.8
90,1973,440.0
90,1974,453.8
90,1975,469.4
90,1976,488.0
90,1977,496.8
90,1978,532.4
90,1979,578.2
90,1980,622.2
90,1981,643.4
90,1982,666.4
90,1983,695.4
90,1984,723.4
90,1985,738.6
90,1986,762.2
90,1987,785.4
90,1988,824.0
90,1989,863.4
90,1990,907.2
90,1991,941.2
90,1992,919.8
90,1993,971.0
90,1994,1034.8
90,1995,1100.2
90,1996,1175.0
90,1997,1216.6
90,1998,1272.8
90,1999,1310.8
90,2000,1361.0
90,2001,1240.6
90,2002,1222.6
90,2003,1205.4
90,2004,1148.8
90,2005,1152.8
90,2006,1226.0
90,2007,1282.8
90,2008,1322.4
90,2009,1398.0
90,2010,1469.0
90,2011,1531.8
90,2012,1733.0
90,2013,1820.2
90,2014,1930.0
90,2015,2060.6
90,2016,2178.4
90,2017,2273.0
90,2018,2350.8
90,2019,2402.4
90,2020,2451.4
90,2021,2468.8
90,2022,2519.6
90,2023,2583.8
90,2024,2662.4
